"id","category","name","old_price","new_price","discount","deals","url"
"60","Elektronika","SŁUCHAWKI BEZPRZEWODOWE TWS DO IPHONE HUAWEI","41,00 zł","34,99 zł","wyprzedaż","13 osób kupiło","https://allegro.pl/oferta/sluchawki-bezprzewodowe-tws-do-iphone-huawei-9389382596"
"118","Elektronika","Video Rejestrator Jazdy Kamera samochodowa cofania","199,00 zł","109,00 zł","-45%","70 osób kupiło","https://allegro.pl/oferta/video-rejestrator-jazdy-kamera-samochodowa-cofania-10015180040"
"117","Elektronika","Opiekacz Toster Vivax TS900 Biały,900W,Odmrażanie","44,85 zł","40,37 zł","wyprzedaż","11 osób kupiło","https://allegro.pl/oferta/opiekacz-toster-vivax-ts900-bialy-900w-odmrazanie-9554348431"
"14","Elektronika","BLENDER KIELICHOWY DO SMOOTHIE KOKTAJLI 3w1 800W","430,00 zł","199,00 zł","-53%","143 osoby kupiły","https://allegro.pl/oferta/blender-kielichowy-do-smoothie-koktajli-3w1-800w-8721468742"
"19","Elektronika","GOFROWNICA na 4 chrupiące GOFRY 1500W DUŻA MOC","350,00 zł","219,00 zł","-37%","96 osób kupiło","https://allegro.pl/oferta/gofrownica-na-4-chrupiace-gofry-1500w-duza-moc-9626336124"
"83","Elektronika","BLENDER KIELICHOWY DO SMOOTHIE KOKTAJLI 3w1 800W","430,00 zł","199,00 zł","-53%","143 osoby kupiły","https://allegro.pl/oferta/blender-kielichowy-do-smoothie-koktajli-3w1-800w-8721468742"
"84","Elektronika","Maszynka do mielenia mięsa ZEEGMA szatkownica","349,99 zł","269,99 zł","-22%","276 osób kupiło","https://allegro.pl/oferta/maszynka-do-mielenia-miesa-zeegma-szatkownica-10410945017"
"31","Elektronika","Lenovo IdeaPad 5 i7 12GB 512SSD FHD Touch IPS W10","4890,00 zł","3 399,00 zł","-30%","50 osób kupiło","https://allegro.pl/oferta/lenovo-ideapad-5-i7-12gb-512ssd-fhd-touch-ips-w10-10174231329"
"43","Elektronika","Czajnik elektryczny Vivax WH-120G","47,06 zł","42,35 zł","wyprzedaż","59 osób kupiło","https://allegro.pl/oferta/czajnik-elektryczny-vivax-wh-120g-8552028594"
"3","Elektronika","ROBOT KUCHENNY PLANETARNY MIKSER 1400W MISA 6L","1000,00 zł","499,00 zł","-50%","131 osób kupiło","https://allegro.pl/oferta/robot-kuchenny-planetarny-mikser-1400w-misa-6l-8340695407"
"18","Elektronika","NUTRI BLENDER 1200W MIKSOWANIE MIELENIE KOKTAJLE","500,00 zł","249,00 zł","-50%","113 osób kupiło","https://allegro.pl/oferta/nutri-blender-1200w-miksowanie-mielenie-koktajle-9527098861"
"132","Elektronika","Kuchenka mikrofalowa VivaxMWO-2079BG,20L,700W,Inox","399,00 zł","279,00 zł","wyprzedaż","1 osoba kupiła","https://allegro.pl/oferta/kuchenka-mikrofalowa-vivaxmwo-2079bg-20l-700w-inox-8865674974"
"88","Elektronika","GOFROWNICA na 4 chrupiące GOFRY 1500W DUŻA MOC","350,00 zł","219,00 zł","-37%","96 osób kupiło","https://allegro.pl/oferta/gofrownica-na-4-chrupiace-gofry-1500w-duza-moc-9626336124"
"4","Elektronika","ROBOT KUCHENNY PLANETARNY BlackChef 1600W 6L","1300,00 zł","499,00 zł","-61%","80 osób kupiło","https://allegro.pl/oferta/robot-kuchenny-planetarny-blackchef-1600w-6l-10142336477"
"25","Elektronika","KRAJALNICA ELEKTRYCZNA do chleba wędlin sera","450,00 zł","269,00 zł","-40%","47 osób kupiło","https://allegro.pl/oferta/krajalnica-elektryczna-do-chleba-wedlin-sera-9859615247"
"73","Elektronika","ROBOT KUCHENNY PLANETARNY BlackChef 1600W 6L","1300,00 zł","499,00 zł","-61%","80 osób kupiło","https://allegro.pl/oferta/robot-kuchenny-planetarny-blackchef-1600w-6l-10142336477"
"70","Elektronika","Obrotowy uchwyt TV Wieszak Telewizora LCD 45'-70'","299,99 zł","134,00 zł","-55%","940 osób kupiło","https://allegro.pl/events/clicks?emission_unit_id=4899544a-44ce-45b0-b7e2-e38249fbe7a8&emission_id=12024c35-485a-4098-bc4a-e55f9c86c871&type=OFFER&ts=1616445816061&redirect=https%3A%2F%2Fallegro.pl%2Foferta%2Fobrotowy-uchwyt-tv-wieszak-telewizora-lcd-45-70-7151832470%3Fbi_s%3Dads%26bi_m%3Dlisting%253Adesktop%253Aqueryandcategory%26bi_c%3DY2FtcGFpZ24AOTc5OTEzNwA0ODM2AA%26bi_t%3Dape&placement=listing:desktop:queryandcategory&sig=9a1a6ba2fd63d33408c651a9a64af4fc"
"30","Elektronika","Termowentylator Farelka Elektryczna 2000W Grzejnik","200,00 zł","99,00 zł","-50%","27 osób kupiło","https://allegro.pl/oferta/termowentylator-farelka-elektryczna-2000w-grzejnik-7822082371"
"74","Elektronika","Automat do chleba Wypiekacz 15 programów 850W","900,00 zł","499,00 zł","-44%","37 osób kupiło","https://allegro.pl/oferta/automat-do-chleba-wypiekacz-15-programow-850w-9907151170"
"55","Elektronika","BAOFENG 2x KRÓTKOFALÓWKA POLICYJNE WALKIE TALKIE","259,00 zł","139,00 zł","wyprzedaż","9 osób kupiło","https://allegro.pl/oferta/baofeng-2x-krotkofalowka-policyjne-walkie-talkie-10465312381"
"15","Elektronika","Maszynka do mielenia mięsa ZEEGMA szatkownica","349,99 zł","269,99 zł","-22%","276 osób kupiło","https://allegro.pl/oferta/maszynka-do-mielenia-miesa-zeegma-szatkownica-10410945017"
"51","Elektronika","Komputer Fujitsu Q920 MICRO Tiny i5 8GB SSD DP W10","1999,00 zł","799,00 zł","-60%","16 osób kupiło","https://allegro.pl/oferta/komputer-fujitsu-q920-micro-tiny-i5-8gb-ssd-dp-w10-10494554003"
"23","Elektronika","Grill elektryczny opiekacz 2200W rozkładany","400,00 zł","249,00 zł","-37%","35 osób kupiło","https://allegro.pl/oferta/grill-elektryczny-opiekacz-2200w-rozkladany-8573676451"
"8","Elektronika","ROBOT KUCHENNY MIKSER PLANETARNY ROBOMAX X-1200-W","799,00 zł","339,00 zł","-57%","219 osób kupiło","https://allegro.pl/oferta/robot-kuchenny-mikser-planetarny-robomax-x-1200-w-9673768267"
"79","Elektronika","ROBOT KUCHENNY MIKSER PLANETARNY ROBOMAX X-1200-W","799,00 zł","339,00 zł","-57%","109 osób kupiło","https://allegro.pl/oferta/robot-kuchenny-mikser-planetarny-robomax-x-1200-w-9673726320"
"77","Elektronika","ROBOT KUCHENNY MIKSER PLANETARNY ROBOMAX X-1200-W","799,00 zł","339,00 zł","-57%","219 osób kupiło","https://allegro.pl/oferta/robot-kuchenny-mikser-planetarny-robomax-x-1200-w-9673768267"
"124","Elektronika","BAOFENG 2x KRÓTKOFALÓWKA POLICYJNE WALKIE TALKIE","259,00 zł","139,00 zł","wyprzedaż","9 osób kupiło","https://allegro.pl/oferta/baofeng-2x-krotkofalowka-policyjne-walkie-talkie-10465312381"
"41","Elektronika","SOLIDNA OBUDOWA kieszeń DYSKU HDD 3,5 SATA USB 2.0","99,00 zł","59,99 zł","-39%","81 osób kupiło","https://allegro.pl/oferta/solidna-obudowa-kieszen-dysku-hdd-3-5-sata-usb-2-0-9635112344"
"46","Elektronika","Prasowacz parowy PAROWNICA steamer żelazko MOZANO","1199,00 zł","499,90 zł","-58%","5 osób kupiło","https://allegro.pl/events/clicks?emission_unit_id=9a069ba4-66f6-4fb3-9b88-1db817bd36b8&emission_id=dace9ce1-c4d8-412f-a570-7178203bbe3e&type=OFFER&ts=1616445804098&redirect=https%3A%2F%2Fallegro.pl%2Foferta%2Fprasowacz-parowy-parownica-steamer-zelazko-mozano-9938432434%3Fbi_s%3Dads%26bi_m%3Dlisting%253Adesktop%253Aqueryandcategory%26bi_c%3DZGI1ZGI3ZmQtYjNlNC00NDcyLTgzYTYtYjcxMzRmOWIzYTRlAA%26bi_t%3Dape&placement=listing:desktop:queryandcategory&sig=e43fcd8610a9142e4561672d97578912"
"63","Elektronika","Kuchenka mikrofalowa VivaxMWO-2079BG,20L,700W,Inox","399,00 zł","279,00 zł","wyprzedaż","1 osoba kupiła","https://allegro.pl/oferta/kuchenka-mikrofalowa-vivaxmwo-2079bg-20l-700w-inox-8865674974"
"137","Elektronika","LICENCJA WINDOWS 10 PRO 32/64 PL PROFESSIONAL","249,00 zł","145,00 zł","-41%","48 osób kupiło","https://allegro.pl/events/clicks?emission_unit_id=d7d1118d-0e62-4e58-9f1f-cf5ca738f546&emission_id=12024c35-485a-4098-bc4a-e55f9c86c871&type=OFFER&ts=1616445816061&redirect=https%3A%2F%2Fallegro.pl%2Foferta%2Flicencja-windows-10-pro-32-64-pl-professional-8606385099%3Fbi_s%3Dads%26bi_m%3Dlisting%253Adesktop%253Aqueryandcategory%26bi_c%3DMTk0MjE5Y2EtZDFlNC00Y2M1LWJmOTQtODRiMmE2NTFhNDY1AA%26bi_t%3Dape&placement=listing:desktop:queryandcategory&sig=b77770df395798422ee938e494cdc091"
"22","Elektronika","BLENDER RĘCZNY WIELOFUNKCYJNY 1200W MIKSER MARKOWY","360,00 zł","169,00 zł","-53%","56 osób kupiło","https://allegro.pl/oferta/blender-reczny-wielofunkcyjny-1200w-mikser-markowy-9579649418"
"78","Elektronika","ROBOT KUCHENNY MIKSER PLANETARNY ROBOMAX X-2000-W","1499,00 zł","499,00 zł","-66%","146 osób kupiło","https://allegro.pl/oferta/robot-kuchenny-mikser-planetarny-robomax-x-2000-w-9320300147"
"72","Elektronika","ROBOT KUCHENNY PLANETARNY MIKSER 1400W MISA 6L","1000,00 zł","499,00 zł","-50%","131 osób kupiło","https://allegro.pl/oferta/robot-kuchenny-planetarny-mikser-1400w-misa-6l-8340695407"
"16","Elektronika","BLENDER RĘCZNY MALAKSER 2TARCZE KERCH ACTIVE 1200W","359,00 zł","219,00 zł","-38%","394 osoby kupiły","https://allegro.pl/oferta/blender-reczny-malakser-2tarcze-kerch-active-1200w-8653246254"
"17","Elektronika","FRYTKOWNICA BEZTŁUSZCZOWA 2,5L FRYTOWNICA LED","600,00 zł","319,00 zł","-46%","135 osób kupiło","https://allegro.pl/oferta/frytkownica-beztluszczowa-2-5l-frytownica-led-8363297784"
"21","Elektronika","SOKOWIRÓWKA WYSOKOOBROTOWA 1200W CAŁE OWOCE MOCNA","500,00 zł","299,00 zł","-40%","125 osób kupiło","https://allegro.pl/oferta/sokowirowka-wysokoobrotowa-1200w-cale-owoce-mocna-8101122304"
"10","Elektronika","ROBOT KUCHENNY MIKSER PLANETARNY ROBOMAX X-1200-W","799,00 zł","339,00 zł","-57%","109 osób kupiło","https://allegro.pl/oferta/robot-kuchenny-mikser-planetarny-robomax-x-1200-w-9673726320"
"100","Elektronika","Lenovo IdeaPad 5 i7 12GB 512SSD FHD Touch IPS W10","4890,00 zł","3 399,00 zł","-30%","50 osób kupiło","https://allegro.pl/oferta/lenovo-ideapad-5-i7-12gb-512ssd-fhd-touch-ips-w10-10174231329"
"125","Elektronika","FRITZ!Box 4040 - router bezprzewodowy WiFi USB NAS","375,00 zł","349,00 zł","Smart! okazja","29 osób kupiło","https://allegro.pl/oferta/fritz-box-4040-router-bezprzewodowy-wifi-usb-nas-7118601744"
"48","Elektronika","Opiekacz Toster Vivax TS900 Biały,900W,Odmrażanie","44,85 zł","40,37 zł","wyprzedaż","11 osób kupiło","https://allegro.pl/oferta/opiekacz-toster-vivax-ts900-bialy-900w-odmrazanie-9554348431"
"108","Elektronika","Słuchawka Bluetooth 5.1 Feegar BOND Pro 16h + Etui","279,00 zł","179,00 zł","-35%","70 osób kupiło","https://allegro.pl/oferta/sluchawka-bluetooth-5-1-feegar-bond-pro-16h-etui-9948056038"
"28","Elektronika","SŁUCHAWKI BEZPRZEWODOWE BT D09 + POWERBANK","199,99 zł","139,99 zł","-30%","183 osoby kupiły","https://allegro.pl/oferta/sluchawki-bezprzewodowe-bt-d09-powerbank-9908057233"
"110","Elektronika","SOLIDNA OBUDOWA kieszeń DYSKU HDD 3,5 SATA USB 2.0","99,00 zł","59,99 zł","-39%","81 osób kupiło","https://allegro.pl/oferta/solidna-obudowa-kieszen-dysku-hdd-3-5-sata-usb-2-0-9635112344"
"120","Elektronika","Komputer Fujitsu Q920 MICRO Tiny i5 8GB SSD DP W10","1999,00 zł","799,00 zł","-60%","16 osób kupiło","https://allegro.pl/oferta/komputer-fujitsu-q920-micro-tiny-i5-8gb-ssd-dp-w10-10494554003"
"80","Elektronika","ROBOT KUCHENNY MIKSER PLANETARNY ROBOMAX X-2000-W","1499,00 zł","519,00 zł","-65%","116 osób kupiło","https://allegro.pl/oferta/robot-kuchenny-mikser-planetarny-robomax-x-2000-w-7715925609"
"11","Elektronika","ROBOT KUCHENNY MIKSER PLANETARNY ROBOMAX X-2000-W","1499,00 zł","519,00 zł","-65%","116 osób kupiło","https://allegro.pl/oferta/robot-kuchenny-mikser-planetarny-robomax-x-2000-w-7715925609"
"94","Elektronika","KRAJALNICA ELEKTRYCZNA do chleba wędlin sera","450,00 zł","269,00 zł","-40%","47 osób kupiło","https://allegro.pl/oferta/krajalnica-elektryczna-do-chleba-wedlin-sera-9859615247"
"86","Elektronika","FRYTKOWNICA BEZTŁUSZCZOWA 2,5L FRYTOWNICA LED","600,00 zł","319,00 zł","-46%","135 osób kupiło","https://allegro.pl/oferta/frytkownica-beztluszczowa-2-5l-frytownica-led-8363297784"
"20","Elektronika","BLENDER RĘCZNY WIELOFUNKCYJNY 1200W 4w1 ZESTAW","400,00 zł","199,00 zł","-50%","141 osób kupiło","https://allegro.pl/oferta/blender-reczny-wielofunkcyjny-1200w-4w1-zestaw-9579652645"
"42","Elektronika","SŁUCHAWKI TWS do SAMSUNG, XIAOMI, HUAWEI, IPHONE","199,00 zł","29,99 zł","wyprzedaż","1 osoba kupiła","https://allegro.pl/oferta/sluchawki-tws-do-samsung-xiaomi-huawei-iphone-10507752903"
"105","Elektronika","SREBRNY HP 15 AMD Athlon / 8GB/ 256GB SSD/ Win 10","2499,00 zł","2 079,00 zł","-16%","30 osób kupiło","https://allegro.pl/oferta/srebrny-hp-15-amd-athlon-8gb-256gb-ssd-win-10-10110206911"
"33","Elektronika","SŁUCHAWKI BEZPRZEWODOWE WODOODPORNE Bluetooth V5.1","159,00 zł","69,00 zł","-56%","108 osób kupiło","https://allegro.pl/oferta/sluchawki-bezprzewodowe-wodoodporne-bluetooth-v5-1-10042959536"
"95","Elektronika","Słuchawki bezprzewodowe dokanałowe RED TWS M18","169,99 zł","78,00 zł","-54%","145 osób kupiło","https://allegro.pl/oferta/sluchawki-bezprzewodowe-dokanalowe-red-tws-m18-10239473506"
"111","Elektronika","SŁUCHAWKI TWS do SAMSUNG, XIAOMI, HUAWEI, IPHONE","199,00 zł","29,99 zł","wyprzedaż","1 osoba kupiła","https://allegro.pl/oferta/sluchawki-tws-do-samsung-xiaomi-huawei-iphone-10507752903"
"85","Elektronika","BLENDER RĘCZNY MALAKSER 2TARCZE KERCH ACTIVE 1200W","359,00 zł","219,00 zł","-38%","394 osoby kupiły","https://allegro.pl/oferta/blender-reczny-malakser-2tarcze-kerch-active-1200w-8653246254"
"29","Elektronika","Grzejnik Olejowy 2500W 11 Żeber Elektryczny","500,00 zł","259,00 zł","-48%","30 osób kupiło","https://allegro.pl/oferta/grzejnik-olejowy-2500w-11-zeber-elektryczny-7821655924"
"106","Elektronika","Limitowana butelka filtrująca DAFI 0,5L + 3 filtry","64,90 zł","54,90 zł","Smart! okazja","4 osoby kupiły","https://allegro.pl/oferta/limitowana-butelka-filtrujaca-dafi-0-5l-3-filtry-8772778122"
"57","Elektronika","ROBOT KUCHENNY PLANETARNY MIKSER ROTARY 2200W 6,2L","1499,00 zł","749,00 zł","-50%","247 osób kupiło","https://allegro.pl/events/clicks?emission_unit_id=0ea06386-8b54-4cbf-b3f2-6232fd35112c&emission_id=dace9ce1-c4d8-412f-a570-7178203bbe3e&type=OFFER&ts=1616445804098&redirect=https%3A%2F%2Fallegro.pl%2Foferta%2Frobot-kuchenny-planetarny-mikser-rotary-2200w-6-2l-10061945180%3Fbi_s%3Dads%26bi_m%3Dlisting%253Adesktop%253Aqueryandcategory%26bi_c%3DMTE3MjM3ODYtMjk5Ny00ODI3LWExMDctYWE5MTUxYzc3ZTQ2AA%26bi_t%3Dape&placement=listing:desktop:queryandcategory&sig=3a0d8ee17943d30ab6d26ae7978c23f5"
"101","Elektronika","OSUSZACZ POWIETRZA POCHŁANIACZ WILGOCI 1700ml 90W","700,00 zł","299,00 zł","-57%","66 osób kupiło","https://allegro.pl/oferta/osuszacz-powietrza-pochlaniacz-wilgoci-1700ml-90w-8750172673"
"103","Elektronika","KAMERA SPORTOWA FULL HD 1080P PRO WODOODPORNA","199,00 zł","69,00 zł","-65%","70 osób kupiło","https://allegro.pl/oferta/kamera-sportowa-full-hd-1080p-pro-wodoodporna-9756535062"
"89","Elektronika","BLENDER RĘCZNY WIELOFUNKCYJNY 1200W 4w1 ZESTAW","400,00 zł","199,00 zł","-50%","141 osób kupiło","https://allegro.pl/oferta/blender-reczny-wielofunkcyjny-1200w-4w1-zestaw-9579652645"
"26","Elektronika","Słuchawki bezprzewodowe dokanałowe RED TWS M18","169,99 zł","78,00 zł","-54%","145 osób kupiło","https://allegro.pl/oferta/sluchawki-bezprzewodowe-dokanalowe-red-tws-m18-10239473506"
"96","Elektronika","Słuchawki TWS A16 do Samsung,Xiaomi,Huawei,Iphone","169,00 zł","69,00 zł","-59%","269 osób kupiło","https://allegro.pl/oferta/sluchawki-tws-a16-do-samsung-xiaomi-huawei-iphone-10051347675"
"138","Elektronika","MŁYNEK do mielenia kawy elektryczny MOCNY 200W","170,00 zł","129,00 zł","-24%","60 osób kupiło","https://allegro.pl/events/clicks?emission_unit_id=1a347170-d9e2-414f-9f93-95bad9b748ba&emission_id=12024c35-485a-4098-bc4a-e55f9c86c871&type=OFFER&ts=1616445816062&redirect=https%3A%2F%2Fallegro.pl%2Foferta%2Fmlynek-do-mielenia-kawy-elektryczny-mocny-200w-9633426321%3Fbi_s%3Dads%26bi_m%3Dlisting%253Adesktop%253Aqueryandcategory%26bi_c%3DYTE3ZjBlN2EtMDM5Ni00M2Y1LWFkMzgtMTk2ZWU1ZGFlZDc1AA%26bi_t%3Dape&placement=listing:desktop:queryandcategory&sig=2d2a09790a78f79fbc1fb18004b525a4"
"92","Elektronika","Grill elektryczny opiekacz 2200W rozkładany","400,00 zł","249,00 zł","-37%","35 osób kupiło","https://allegro.pl/oferta/grill-elektryczny-opiekacz-2200w-rozkladany-8573676451"
"81","Elektronika","ROBOT KUCHENNY PLANETARNY MIKSER MyCHEF 2200W 6,2L","1299,00 zł","549,00 zł","-57%","937 osób kupiło","https://allegro.pl/oferta/robot-kuchenny-planetarny-mikser-mychef-2200w-6-2l-9097018990"
"5","Elektronika","Automat do chleba Wypiekacz 15 programów 850W","900,00 zł","499,00 zł","-44%","37 osób kupiło","https://allegro.pl/oferta/automat-do-chleba-wypiekacz-15-programow-850w-9907151170"
"38","Elektronika","Wzmacniacz sygnału WiFi - FRITZ!WLAN Repeater 310","139,00 zł","99,00 zł","-28%","692 osoby kupiły","https://allegro.pl/oferta/wzmacniacz-sygnalu-wifi-fritz-wlan-repeater-310-6667427150"
"47","Elektronika","Ekspres przelewowy do kawy Vivax CM-08126F,800W,","89,50 zł","79,00 zł","wyprzedaż","17 osób kupiło","https://allegro.pl/oferta/ekspres-przelewowy-do-kawy-vivax-cm-08126f-800w-9250581276"
"98","Elektronika","Grzejnik Olejowy 2500W 11 Żeber Elektryczny","500,00 zł","259,00 zł","-48%","30 osób kupiło","https://allegro.pl/oferta/grzejnik-olejowy-2500w-11-zeber-elektryczny-7821655924"
"107","Elektronika","Wzmacniacz sygnału WiFi - FRITZ!WLAN Repeater 310","139,00 zł","99,00 zł","-28%","692 osoby kupiły","https://allegro.pl/oferta/wzmacniacz-sygnalu-wifi-fritz-wlan-repeater-310-6667427150"
"97","Elektronika","SŁUCHAWKI BEZPRZEWODOWE BT D09 + POWERBANK","199,99 zł","139,99 zł","-30%","183 osoby kupiły","https://allegro.pl/oferta/sluchawki-bezprzewodowe-bt-d09-powerbank-9908057233"
"49","Elektronika","Video Rejestrator Jazdy Kamera samochodowa cofania","199,00 zł","109,00 zł","-45%","70 osób kupiło","https://allegro.pl/oferta/video-rejestrator-jazdy-kamera-samochodowa-cofania-10015180040"
"87","Elektronika","NUTRI BLENDER 1200W MIKSOWANIE MIELENIE KOKTAJLE","500,00 zł","249,00 zł","-50%","113 osób kupiło","https://allegro.pl/oferta/nutri-blender-1200w-miksowanie-mielenie-koktajle-9527098861"
"32","Elektronika","OSUSZACZ POWIETRZA POCHŁANIACZ WILGOCI 1700ml 90W","700,00 zł","299,00 zł","-57%","66 osób kupiło","https://allegro.pl/oferta/osuszacz-powietrza-pochlaniacz-wilgoci-1700ml-90w-8750172673"
"102","Elektronika","SŁUCHAWKI BEZPRZEWODOWE WODOODPORNE Bluetooth V5.1","159,00 zł","69,00 zł","-56%","108 osób kupiło","https://allegro.pl/oferta/sluchawki-bezprzewodowe-wodoodporne-bluetooth-v5-1-10042959536"
"34","Elektronika","KAMERA SPORTOWA FULL HD 1080P PRO WODOODPORNA","199,00 zł","69,00 zł","-65%","70 osób kupiło","https://allegro.pl/oferta/kamera-sportowa-full-hd-1080p-pro-wodoodporna-9756535062"
"139","Elektronika","Obrotowy uchwyt TV Wieszak Telewizora LCD 45'-70'","299,99 zł","134,00 zł","-55%","940 osób kupiło","https://allegro.pl/events/clicks?emission_unit_id=2180a17c-af8e-40d6-8bd9-af015179be92&emission_id=bd19c63e-4139-4aaf-bd51-dde76315e9ac&type=OFFER&ts=1616445828286&redirect=https%3A%2F%2Fallegro.pl%2Foferta%2Fobrotowy-uchwyt-tv-wieszak-telewizora-lcd-45-70-7151832470%3Fbi_s%3Dads%26bi_m%3Dlisting%253Adesktop%253Aqueryandcategory%26bi_c%3DY2FtcGFpZ24AOTc5OTEzNwA0ODM2AA%26bi_t%3Dape&placement=listing:desktop:queryandcategory&sig=853e152f2d6c95d4ba71306b456c72e1"
"9","Elektronika","ROBOT KUCHENNY MIKSER PLANETARNY ROBOMAX X-2000-W","1499,00 zł","499,00 zł","-66%","146 osób kupiło","https://allegro.pl/oferta/robot-kuchenny-mikser-planetarny-robomax-x-2000-w-9320300147"
"115","Elektronika","Prasowacz parowy PAROWNICA steamer żelazko MOZANO","1199,00 zł","499,90 zł","-58%","5 osób kupiło","https://allegro.pl/events/clicks?emission_unit_id=6d049f80-7143-4827-ab9d-476200cfe4e0&emission_id=12024c35-485a-4098-bc4a-e55f9c86c871&type=OFFER&ts=1616445816061&redirect=https%3A%2F%2Fallegro.pl%2Foferta%2Fprasowacz-parowy-parownica-steamer-zelazko-mozano-9938432434%3Fbi_s%3Dads%26bi_m%3Dlisting%253Adesktop%253Aqueryandcategory%26bi_c%3DZGI1ZGI3ZmQtYjNlNC00NDcyLTgzYTYtYjcxMzRmOWIzYTRlAA%26bi_t%3Dape&placement=listing:desktop:queryandcategory&sig=5fc4754d5d75195390373bad95d19a2a"
"1","Elektronika","Obrotowy uchwyt TV Wieszak Telewizora LCD 45'-70'","299,99 zł","134,00 zł","-55%","940 osób kupiło","https://allegro.pl/events/clicks?emission_unit_id=6a7c6024-0de9-4823-b998-d1770d8b92da&emission_id=dace9ce1-c4d8-412f-a570-7178203bbe3e&type=OFFER&ts=1616445804098&redirect=https%3A%2F%2Fallegro.pl%2Foferta%2Fobrotowy-uchwyt-tv-wieszak-telewizora-lcd-45-70-7151832470%3Fbi_s%3Dads%26bi_m%3Dlisting%253Adesktop%253Aqueryandcategory%26bi_c%3DY2FtcGFpZ24AOTc5OTEzNwA0ODM2AA%26bi_t%3Dape&placement=listing:desktop:queryandcategory&sig=a614ae6f066a2d36ace4f478907e49f2"
"143","Elektronika","Automat do chleba Wypiekacz 15 programów 850W","900,00 zł","499,00 zł","-44%","37 osób kupiło","https://allegro.pl/oferta/automat-do-chleba-wypiekacz-15-programow-850w-9907151170"
"39","Elektronika","Słuchawka Bluetooth 5.1 Feegar BOND Pro 16h + Etui","279,00 zł","179,00 zł","-35%","70 osób kupiło","https://allegro.pl/oferta/sluchawka-bluetooth-5-1-feegar-bond-pro-16h-etui-9948056038"
"56","Elektronika","FRITZ!Box 4040 - router bezprzewodowy WiFi USB NAS","375,00 zł","349,00 zł","Smart! okazja","29 osób kupiło","https://allegro.pl/oferta/fritz-box-4040-router-bezprzewodowy-wifi-usb-nas-7118601744"
"91","Elektronika","BLENDER RĘCZNY WIELOFUNKCYJNY 1200W MIKSER MARKOWY","360,00 zł","169,00 zł","-53%","56 osób kupiło","https://allegro.pl/oferta/blender-reczny-wielofunkcyjny-1200w-mikser-markowy-9579649418"
"129","Elektronika","SŁUCHAWKI BEZPRZEWODOWE TWS DO IPHONE HUAWEI","41,00 zł","34,99 zł","wyprzedaż","13 osób kupiło","https://allegro.pl/oferta/sluchawki-bezprzewodowe-tws-do-iphone-huawei-9389382596"
"69","Elektronika","MŁYNEK do mielenia kawy elektryczny MOCNY 200W","170,00 zł","129,00 zł","-24%","60 osób kupiło","https://allegro.pl/events/clicks?emission_unit_id=348cc6a0-cc82-413c-9b83-213fb11c4ed6&emission_id=dace9ce1-c4d8-412f-a570-7178203bbe3e&type=OFFER&ts=1616445804098&redirect=https%3A%2F%2Fallegro.pl%2Foferta%2Fmlynek-do-mielenia-kawy-elektryczny-mocny-200w-9633426321%3Fbi_s%3Dads%26bi_m%3Dlisting%253Adesktop%253Aqueryandcategory%26bi_c%3DYTE3ZjBlN2EtMDM5Ni00M2Y1LWFkMzgtMTk2ZWU1ZGFlZDc1AA%26bi_t%3Dape&placement=listing:desktop:queryandcategory&sig=8de129fa4beea27fb20fcc31cdda8d23"
"116","Elektronika","Ekspres przelewowy do kawy Vivax CM-08126F,800W,","89,50 zł","79,00 zł","wyprzedaż","17 osób kupiło","https://allegro.pl/oferta/ekspres-przelewowy-do-kawy-vivax-cm-08126f-800w-9250581276"
"99","Elektronika","Termowentylator Farelka Elektryczna 2000W Grzejnik","200,00 zł","99,00 zł","-50%","27 osób kupiło","https://allegro.pl/oferta/termowentylator-farelka-elektryczna-2000w-grzejnik-7822082371"
"90","Elektronika","SOKOWIRÓWKA WYSOKOOBROTOWA 1200W CAŁE OWOCE MOCNA","500,00 zł","299,00 zł","-40%","125 osób kupiło","https://allegro.pl/oferta/sokowirowka-wysokoobrotowa-1200w-cale-owoce-mocna-8101122304"
"12","Elektronika","ROBOT KUCHENNY PLANETARNY MIKSER MyCHEF 2200W 6,2L","1299,00 zł","549,00 zł","-57%","937 osób kupiło","https://allegro.pl/oferta/robot-kuchenny-planetarny-mikser-mychef-2200w-6-2l-9097018990"
"141","Elektronika","ROBOT KUCHENNY PLANETARNY MIKSER 1400W MISA 6L","1000,00 zł","499,00 zł","-50%","131 osób kupiło","https://allegro.pl/oferta/robot-kuchenny-planetarny-mikser-1400w-misa-6l-8340695407"
"36","Elektronika","SREBRNY HP 15 AMD Athlon / 8GB/ 256GB SSD/ Win 10","2499,00 zł","2 079,00 zł","-16%","30 osób kupiło","https://allegro.pl/oferta/srebrny-hp-15-amd-athlon-8gb-256gb-ssd-win-10-10110206911"
"142","Elektronika","ROBOT KUCHENNY PLANETARNY BlackChef 1600W 6L","1300,00 zł","499,00 zł","-61%","80 osób kupiło","https://allegro.pl/oferta/robot-kuchenny-planetarny-blackchef-1600w-6l-10142336477"
"27","Elektronika","Słuchawki TWS A16 do Samsung,Xiaomi,Huawei,Iphone","169,00 zł","69,00 zł","-59%","269 osób kupiło","https://allegro.pl/oferta/sluchawki-tws-a16-do-samsung-xiaomi-huawei-iphone-10051347675"
"37","Elektronika","Limitowana butelka filtrująca DAFI 0,5L + 3 filtry","64,90 zł","54,90 zł","Smart! okazja","4 osoby kupiły","https://allegro.pl/oferta/limitowana-butelka-filtrujaca-dafi-0-5l-3-filtry-8772778122"
"126","Elektronika","ROBOT KUCHENNY PLANETARNY MIKSER ROTARY 2200W 6,2L","1499,00 zł","749,00 zł","-50%","247 osób kupiło","https://allegro.pl/events/clicks?emission_unit_id=39fd2017-5f89-49f1-940f-de27bf547460&emission_id=12024c35-485a-4098-bc4a-e55f9c86c871&type=OFFER&ts=1616445816061&redirect=https%3A%2F%2Fallegro.pl%2Foferta%2Frobot-kuchenny-planetarny-mikser-rotary-2200w-6-2l-10061945180%3Fbi_s%3Dads%26bi_m%3Dlisting%253Adesktop%253Aqueryandcategory%26bi_c%3DMTE3MjM3ODYtMjk5Ny00ODI3LWExMDctYWE5MTUxYzc3ZTQ2AA%26bi_t%3Dape&placement=listing:desktop:queryandcategory&sig=c86f087784156847e86e64b290c91d37"
"112","Elektronika","Czajnik elektryczny Vivax WH-120G","47,06 zł","42,35 zł","wyprzedaż","59 osób kupiło","https://allegro.pl/oferta/czajnik-elektryczny-vivax-wh-120g-8552028594"
"68","Elektronika","LICENCJA WINDOWS 10 PRO 32/64 PL PROFESSIONAL","249,00 zł","145,00 zł","-41%","48 osób kupiło","https://allegro.pl/events/clicks?emission_unit_id=79851f26-7add-4ccd-b545-7a654a72a4e7&emission_id=dace9ce1-c4d8-412f-a570-7178203bbe3e&type=OFFER&ts=1616445804098&redirect=https%3A%2F%2Fallegro.pl%2Foferta%2Flicencja-windows-10-pro-32-64-pl-professional-8606385099%3Fbi_s%3Dads%26bi_m%3Dlisting%253Adesktop%253Aqueryandcategory%26bi_c%3DMTk0MjE5Y2EtZDFlNC00Y2M1LWJmOTQtODRiMmE2NTFhNDY1AA%26bi_t%3Dape&placement=listing:desktop:queryandcategory&sig=121bc53cb75f7fb0b2439b481d85d47c"
"273","Sport i turystyka","ROLLER WAŁEK DO MASAŻU PIANKOWY CROSSFIT EVA 33x14","39,90 zł","27,99 zł","-29%","8 osób kupiło","https://allegro.pl/oferta/roller-walek-do-masazu-piankowy-crossfit-eva-33x14-8340480877"
"283","Sport i turystyka","OstroVit Guma Treningowa Opór 23-57 kg FITNESS","54,00 zł","48,60 zł","Smart! okazja","15 osób kupiło","https://allegro.pl/oferta/ostrovit-guma-treningowa-opor-23-57-kg-fitness-9761069830"
"282","Sport i turystyka","WODOODPORNY LICZNIK ROWEROWY 28 FUNKCJI DUŻY LCD","80,00 zł","40,99 zł","-48%","57 osób kupiło","https://allegro.pl/oferta/wodoodporny-licznik-rowerowy-28-funkcji-duzy-lcd-10229585622"
"211","Sport i turystyka","ROWER TRENINGOWY ROWEREK STACJONARNY VeoSport","420,00 zł","309,99 zł","-26%","228 osób kupiło","https://allegro.pl/oferta/rower-treningowy-rowerek-stacjonarny-veosport-9671093603"
"233","Sport i turystyka","Koszula Helikon Woodsman Taiga Green/Black L/Reg","269,00 zł","255,55 zł","Smart! okazja","4 osoby kupiły","https://allegro.pl/oferta/koszula-helikon-woodsman-taiga-green-black-l-reg-10093428525"
"307","Sport i turystyka","GUMY OPOROWE DO ĆWICZEŃ TAŚMY TRENINGOWE FITNESS","149,00 zł","24,99 zł","-83%","458 osób kupiło","https://allegro.pl/oferta/gumy-oporowe-do-cwiczen-tasmy-treningowe-fitness-9680034299"
"309","Sport i turystyka","ZESTAW 5 GUM DO ĆWICZEŃ MINI BAND TAŚMY FITNESS","29,00 zł","16,50 zł","-43%","344 osoby kupiły","https://allegro.pl/oferta/zestaw-5-gum-do-cwiczen-mini-band-tasmy-fitness-9382819627"
"302","Sport i turystyka","Koszula Helikon Woodsman Taiga Green/Black L/Reg","269,00 zł","255,55 zł","Smart! okazja","4 osoby kupiły","https://allegro.pl/oferta/koszula-helikon-woodsman-taiga-green-black-l-reg-10093428525"
"279","Sport i turystyka","ALLNUTRITION SHAKER 600ML SZCZELNY SZEJKER","14,99 zł","11,99 zł","-20%","376 osób kupiło","https://allegro.pl/oferta/allnutrition-shaker-600ml-szczelny-szejker-10192182811"
"262","Sport i turystyka","PISTOLET DO MASAŻU PHOENIX MASAŻER 4 GŁOWICE HIT!","569,99 zł","429,90 zł","-24%","4 osoby kupiły","https://allegro.pl/oferta/pistolet-do-masazu-phoenix-masazer-4-glowice-hit-9201162267"
"319","Sport i turystyka","LINY TAŚMY DO ĆWICZEŃ PASY TRENINGOWE CROSSFIT","199,00 zł","85,00 zł","-57%","40 osób kupiło","https://allegro.pl/oferta/liny-tasmy-do-cwiczen-pasy-treningowe-crossfit-8505163184"
"277","Sport i turystyka","Kreatyna Creapure Monohydrat Kreatyny 500g Cheers","44,37 zł","39,93 zł","wyprzedaż","12 osób kupiło","https://allegro.pl/events/clicks?emission_unit_id=80226e54-ac59-4024-8057-28d91bac82e1&emission_id=532270f7-4b01-418a-afa1-8fe482683032&type=OFFER&ts=1616445846836&redirect=https%3A%2F%2Fallegro.pl%2Foferta%2Fkreatyna-creapure-monohydrat-kreatyny-500g-cheers-9814635182%3Fbi_s%3Dads%26bi_m%3Dlisting%253Adesktop%253Aqueryandcategory%26bi_c%3DZGVhNmE4MjMtMDA0Ny00NGU4LTg5NGItMmMxNzQ2MTBjNTNiAA%26bi_t%3Dape&placement=listing:desktop:queryandcategory&sig=06bfd8f918d8d2806043b2a4e031f23c"
"246","Sport i turystyka","ŚCISKACZ DO RĄK DŁONI REGULACJA 5-60KG Trening","50,99 zł","10,96 zł","-78%","50 osób kupiło","https://allegro.pl/oferta/sciskacz-do-rak-dloni-regulacja-5-60kg-trening-9614978655"
"229","Sport i turystyka","Chusta bandana BUFF NEW ORIGINAL UV komin 14w1","79,99 zł","75,99 zł","Smart! okazja","10 osób kupiło","https://allegro.pl/oferta/chusta-bandana-buff-new-original-uv-komin-14w1-9968542452"
"281","Sport i turystyka","SFD SHAKER WAVE 600 ML SZCZELNY SZEJKER DO ODŻYWEK","14,99 zł","11,99 zł","-20%","190 osób kupiło","https://allegro.pl/oferta/sfd-shaker-wave-600-ml-szczelny-szejker-do-odzywek-10136790598"
"267","Sport i turystyka","Skakanka z Licznikiem Crossfit Fitness 250cm","19,99 zł","5,99 zł","-70%","26 osób kupiło","https://allegro.pl/oferta/skakanka-z-licznikiem-crossfit-fitness-250cm-9970891766"
"318","Sport i turystyka","ZESTAW TAŚM GUM TEKSTYLNYCH DO ĆWICZEŃ TAŚMY GUMY","140,00 zł","40,00 zł","-71%","42 osoby kupiły","https://allegro.pl/oferta/zestaw-tasm-gum-tekstylnych-do-cwiczen-tasmy-gumy-10042624145"
"322","Sport i turystyka","REDIN 100kaps. MOCNY SPALACZ TŁUSZCZU REDUKCJA","199,00 zł","139,00 zł","-30%","319 osób kupiło","https://allegro.pl/events/clicks?emission_unit_id=4640bb1c-527b-47e2-af0e-7e93f8966364&emission_id=532270f7-4b01-418a-afa1-8fe482683032&type=OFFER&ts=1616445846836&redirect=https%3A%2F%2Fallegro.pl%2Foferta%2Fredin-100kaps-mocny-spalacz-tluszczu-redukcja-10240022353%3Fbi_s%3Dads%26bi_m%3Dlisting%253Adesktop%253Aqueryandcategory%26bi_c%3DNGFjOGE3NzEtNDM0My00YzBkLTgwYzktN2E3MTcyZWZhY2EyAA%26bi_t%3Dape&placement=listing:desktop:queryandcategory&sig=b38b62a615b4ec8bd0c44f7bc7dfe90a"
"208","Sport i turystyka","Kreatyna Creapure Monohydrat Kreatyny 500g Cheers","44,37 zł","39,93 zł","wyprzedaż","12 osób kupiło","https://allegro.pl/events/clicks?emission_unit_id=04179c32-8c37-4e35-8f75-831f9cb34707&emission_id=bbebc96a-42ba-4c63-9b39-c52ad28678c8&type=OFFER&ts=1616445835206&redirect=https%3A%2F%2Fallegro.pl%2Foferta%2Fkreatyna-creapure-monohydrat-kreatyny-500g-cheers-9814635182%3Fbi_s%3Dads%26bi_m%3Dlisting%253Adesktop%253Aqueryandcategory%26bi_c%3DZGVhNmE4MjMtMDA0Ny00NGU4LTg5NGItMmMxNzQ2MTBjNTNiAA%26bi_t%3Dape&placement=listing:desktop:queryandcategory&sig=b979b301d478d1e213e90401993fb790"
"224","Sport i turystyka","Torba sakwa rowerowa TR10B na rower 18x10 cm ZAMEK","14,99 zł","14,24 zł","Smart! okazja","3 osoby kupiły","https://allegro.pl/oferta/torba-sakwa-rowerowa-tr10b-na-rower-18x10-cm-zamek-10184487892"
"268","Sport i turystyka","OBCIĄŻENIE ŻELIWNE 5 kg krążek talerz kierownica","54,00 zł","46,00 zł","-14%","436 osób kupiło","https://allegro.pl/oferta/obciazenie-zeliwne-5-kg-krazek-talerz-kierownica-8515381772"
"329","Sport i turystyka","SKAKANKA STANDARD BOKSERSKA Z ŁOŻYSKAMI SPEED 3M","29,99 zł","17,99 zł","-40%","159 osób kupiło","https://allegro.pl/oferta/skakanka-standard-bokserska-z-lozyskami-speed-3m-9543030370"
"323","Sport i turystyka","Mata do ćwiczeń inSPORTline YOGA FITNESS","59,90 zł","29,90 zł","-50%","6 osób kupiło","https://allegro.pl/oferta/mata-do-cwiczen-insportline-yoga-fitness-10411476206"
"236","Sport i turystyka","ZESTAW 5 GUM DO ĆWICZEŃ FITNESS OPOROWE Z UCHWYTEM","199,00 zł","19,90 zł","-90%","359 osób kupiło","https://allegro.pl/oferta/zestaw-5-gum-do-cwiczen-fitness-oporowe-z-uchwytem-9948675617"
"300","Sport i turystyka","KFD WPC 80 Regular+(Białko Serwatkowe Instant)-3kg","169,99 zł","114,99 zł","-32%","839 osób kupiło","https://allegro.pl/events/clicks?emission_unit_id=743b94d2-41c3-422e-b81d-86b9a04a1c1f&emission_id=532270f7-4b01-418a-afa1-8fe482683032&type=OFFER&ts=1616445846836&redirect=https%3A%2F%2Fallegro.pl%2Foferta%2Fkfd-wpc-80-regular-bialko-serwatkowe-instant-3kg-8473969079%3Fbi_s%3Dads%26bi_m%3Dlisting%253Adesktop%253Aqueryandcategory%26bi_c%3DMDExNzEwYjctYjdhMi00ZjE4LWE3ODYtYjIxNzk1YTFhMzFkAA%26bi_t%3Dape&placement=listing:desktop:queryandcategory&sig=d01fd48b35ab1557dba9ece7b3f8ae33"
"213","Sport i turystyka","WODOODPORNY LICZNIK ROWEROWY 28 FUNKCJI DUŻY LCD","80,00 zł","40,99 zł","-48%","57 osób kupiło","https://allegro.pl/oferta/wodoodporny-licznik-rowerowy-28-funkcji-duzy-lcd-10229585622"
"257","Sport i turystyka","SKARPETKI DAMSKIE DO JOGI DR SOXO SPORTOWE ABS","29,99 zł","16,99 zł","-43%","85 osób kupiło","https://allegro.pl/oferta/skarpetki-damskie-do-jogi-dr-soxo-sportowe-abs-9173104089"
"306","Sport i turystyka","Rower Treningowy Rowerek Stacjonarny z Komputerem","499,00 zł","299,90 zł","-39%","243 osoby kupiły","https://allegro.pl/oferta/rower-treningowy-rowerek-stacjonarny-z-komputerem-9615222892"
"252","Sport i turystyka","ZESTAW GUM TAŚM DO ĆWICZEŃ MINI BAND GUMY FITNESS","49,00 zł","39,99 zł","-18%","25 osób kupiło","https://allegro.pl/oferta/zestaw-gum-tasm-do-cwiczen-mini-band-gumy-fitness-9486092177"
"310","Sport i turystyka","AB WHEEL KÓŁKO DO ĆWICZEŃ MIĘŚNI BRZUCHA ROLLER","69,99 zł","34,99 zł","-50%","220 osób kupiło","https://allegro.pl/oferta/ab-wheel-kolko-do-cwiczen-miesni-brzucha-roller-10110199616"
"311","Sport i turystyka","REDIN 100 MOCNY SPALACZ TŁUSZCZU THERMO FAT BURNER","199,99 zł","139,00 zł","-30%","134 osoby kupiły","https://allegro.pl/events/clicks?emission_unit_id=be43cb61-2604-4304-9bad-98afe9e9f713&emission_id=532270f7-4b01-418a-afa1-8fe482683032&type=OFFER&ts=1616445846836&redirect=https%3A%2F%2Fallegro.pl%2Foferta%2Fredin-100-mocny-spalacz-tluszczu-thermo-fat-burner-10421136897%3Fbi_s%3Dads%26bi_m%3Dlisting%253Adesktop%253Aqueryandcategory%26bi_c%3DNjdiYzhmMTItNzgxZS00OTkzLTlhZWQtNTMxODhkNGZlNTk5AA%26bi_t%3Dape&placement=listing:desktop:queryandcategory&sig=1d3b5c3e324096f85c27060d8b652a9b"
"238","Sport i turystyka","GUMY OPOROWE DO ĆWICZEŃ TAŚMY TRENINGOWE FITNESS","149,00 zł","24,99 zł","-83%","458 osób kupiło","https://allegro.pl/oferta/gumy-oporowe-do-cwiczen-tasmy-treningowe-fitness-9680034299"
"243","Sport i turystyka","ZESTAW 3 GUMY OPOROWE TAŚMY MATERIAŁOWE DO ĆWICZEŃ","119,99 zł","49,99 zł","-58%","146 osób kupiło","https://allegro.pl/oferta/zestaw-3-gumy-oporowe-tasmy-materialowe-do-cwiczen-10186844225"
"210","Sport i turystyka","ALLNUTRITION SHAKER 600ML SZCZELNY SZEJKER","14,99 zł","11,99 zł","-20%","376 osób kupiło","https://allegro.pl/oferta/allnutrition-shaker-600ml-szczelny-szejker-10192182811"
"321","Sport i turystyka","ZESTAW GUM TAŚM DO ĆWICZEŃ MINI BAND GUMY FITNESS","49,00 zł","39,99 zł","-18%","25 osób kupiło","https://allegro.pl/oferta/zestaw-gum-tasm-do-cwiczen-mini-band-gumy-fitness-9486092177"
"305","Sport i turystyka","ZESTAW 5 GUM DO ĆWICZEŃ FITNESS OPOROWE Z UCHWYTEM","199,00 zł","19,90 zł","-90%","359 osób kupiło","https://allegro.pl/oferta/zestaw-5-gum-do-cwiczen-fitness-oporowe-z-uchwytem-9948675617"
"212","Sport i turystyka","SFD SHAKER WAVE 600 ML SZCZELNY SZEJKER DO ODŻYWEK","14,99 zł","11,99 zł","-20%","190 osób kupiło","https://allegro.pl/oferta/sfd-shaker-wave-600-ml-szczelny-szejker-do-odzywek-10136790598"
"270","Sport i turystyka","Mata do Ćwiczeń Fitness Jogi Yoga Pilates TPE NIEB","79,90 zł","59,90 zł","-25%","82 osoby kupiły","https://allegro.pl/oferta/mata-do-cwiczen-fitness-jogi-yoga-pilates-tpe-nieb-9552218379"
"237","Sport i turystyka","Rower Treningowy Rowerek Stacjonarny z Komputerem","499,00 zł","299,90 zł","-39%","243 osoby kupiły","https://allegro.pl/oferta/rower-treningowy-rowerek-stacjonarny-z-komputerem-9615222892"
"271","Sport i turystyka","Mata do ćwiczeń inSPORTline Aero UCHWYTY MIĘKKA","179,90 zł","109,90 zł","-38%","1 osoba kupiła","https://allegro.pl/oferta/mata-do-cwiczen-insportline-aero-uchwyty-miekka-10420585088"
"315","Sport i turystyka","ŚCISKACZ DO RĄK DŁONI REGULACJA 5-60KG Trening","50,99 zł","10,96 zł","-78%","50 osób kupiło","https://allegro.pl/oferta/sciskacz-do-rak-dloni-regulacja-5-60kg-trening-9614978655"
"215","Sport i turystyka","ALARM ROWEROWY PILOT DO ROWERU QUADA SKUTERA MOTOR","89,00 zł","40,00 zł","wyprzedaż","36 osób kupiło","https://allegro.pl/oferta/alarm-rowerowy-pilot-do-roweru-quada-skutera-motor-10464912220"
"245","Sport i turystyka","MINI ROWER ROWEREK STACJONARNY TRENINGOWY +LICZNIK","149,99 zł","69,99 zł","-53%","126 osób kupiło","https://allegro.pl/oferta/mini-rower-rowerek-stacjonarny-treningowy-licznik-9250177427"
"297","Sport i turystyka","LAZY BAG AIR SOFA MATERAC LEŻAK NA POWIETRZE PARTY","89,00 zł","40,00 zł","wyprzedaż","6 osób kupiło","https://allegro.pl/oferta/lazy-bag-air-sofa-materac-lezak-na-powietrze-party-10465459789"
"288","Sport i turystyka","Błotnik rowerowy KELLYS IMPACT HILL na rower MTB","29,90 zł","28,41 zł","Smart! okazja","4 osoby kupiły","https://allegro.pl/oferta/blotnik-rowerowy-kellys-impact-hill-na-rower-mtb-10135488642"
"293","Sport i turystyka","Torba sakwa rowerowa TR10B na rower 18x10 cm ZAMEK","14,99 zł","14,24 zł","Smart! okazja","3 osoby kupiły","https://allegro.pl/oferta/torba-sakwa-rowerowa-tr10b-na-rower-18x10-cm-zamek-10184487892"
"308","Sport i turystyka","STEPPER STEPER GUMY DO ĆWICZEŃ SKRĘTNY MODEL 2021","400,00 zł","199,99 zł","-50%","82 osoby kupiły","https://allegro.pl/oferta/stepper-steper-gumy-do-cwiczen-skretny-model-2021-10117257209"
"218","Sport i turystyka","LATARKA CZOŁOWA TECHNOLOGIA LED SMD ZOOM CZOŁÓWKA","149,00 zł","49,00 zł","-67%","40 osób kupiło","https://allegro.pl/oferta/latarka-czolowa-technologia-led-smd-zoom-czolowka-9320276110"
"284","Sport i turystyka","ALARM ROWEROWY PILOT DO ROWERU QUADA SKUTERA MOTOR","89,00 zł","40,00 zł","wyprzedaż","36 osób kupiło","https://allegro.pl/oferta/alarm-rowerowy-pilot-do-roweru-quada-skutera-motor-10464912220"
"287","Sport i turystyka","LATARKA CZOŁOWA TECHNOLOGIA LED SMD ZOOM CZOŁÓWKA","149,00 zł","49,00 zł","-67%","40 osób kupiło","https://allegro.pl/oferta/latarka-czolowa-technologia-led-smd-zoom-czolowka-9320276110"
"251","Sport i turystyka","OBCIĄŻENIA CIĘŻARKI OBCIĄŻNIKI RĘCE NOGI 2x1,5kg","59,90 zł","37,99 zł","-36%","60 osób kupiło","https://allegro.pl/oferta/obciazenia-ciezarki-obciazniki-rece-nogi-2x1-5kg-9752419222"
"328","Sport i turystyka","4F Torba TPU002 25L TRENINGOWA PODRÓŻNA SPORTOWA","99,90 zł","89,90 zł","wyprzedaż","3 osoby kupiły","https://allegro.pl/oferta/4f-torba-tpu002-25l-treningowa-podrozna-sportowa-10459603014"
"255","Sport i turystyka","MASKA Ochronna Antywirusowa + Filtry HEPA","44,50 zł","40,05 zł","wyprzedaż","11 osób kupiło","https://allegro.pl/oferta/maska-ochronna-antywirusowa-filtry-hepa-10495382219"
"317","Sport i turystyka","WYSOKIEJ JAKOŚCI WYSZCZUPLAJĄCY PAS NEOPRENOWY","99,00 zł","14,99 zł","-84%","43 osoby kupiły","https://allegro.pl/oferta/wysokiej-jakosci-wyszczuplajacy-pas-neoprenowy-9200779802"
"223","Sport i turystyka","Rogi na kierownicę KELLYS ADVANCED aluminium black","49,99 zł","47,49 zł","Smart! okazja","8 osób kupiło","https://allegro.pl/oferta/rogi-na-kierownice-kellys-advanced-aluminium-black-10024972783"
"259","Sport i turystyka","4F Torba TPU002 25L TRENINGOWA PODRÓŻNA SPORTOWA","99,90 zł","89,90 zł","wyprzedaż","3 osoby kupiły","https://allegro.pl/oferta/4f-torba-tpu002-25l-treningowa-podrozna-sportowa-10459603014"
"298","Sport i turystyka","Chusta bandana BUFF NEW ORIGINAL UV komin 14w1","79,99 zł","75,99 zł","Smart! okazja","10 osób kupiło","https://allegro.pl/oferta/chusta-bandana-buff-new-original-uv-komin-14w1-9968542452"
"320","Sport i turystyka","OBCIĄŻENIA CIĘŻARKI OBCIĄŻNIKI RĘCE NOGI 2x1,5kg","59,90 zł","37,99 zł","-36%","60 osób kupiło","https://allegro.pl/oferta/obciazenia-ciezarki-obciazniki-rece-nogi-2x1-5kg-9752419222"
"324","Sport i turystyka","GUMY OPOROWE ZESTAW DO ĆWICZEŃ FITNESS Z UCHWYTEM","89,99 zł","39,99 zł","-55%","21 osób kupiło","https://allegro.pl/oferta/gumy-oporowe-zestaw-do-cwiczen-fitness-z-uchwytem-10149348979"
"272","Sport i turystyka","ZESTAW 5 GUMY OPOROWE FITNESS DO ĆWICZEŃ MINI BAND","69,99 zł","40,00 zł","-42%","7 osób kupiło","https://allegro.pl/oferta/zestaw-5-gumy-oporowe-fitness-do-cwiczen-mini-band-9582262157"
"314","Sport i turystyka","MINI ROWER ROWEREK STACJONARNY TRENINGOWY +LICZNIK","149,99 zł","69,99 zł","-53%","126 osób kupiło","https://allegro.pl/oferta/mini-rower-rowerek-stacjonarny-treningowy-licznik-9250177427"
"274","Sport i turystyka","DRĄŻEK DRABINKA PORĘCZE ŁAWECZKA do ćwiczeń HAK","1000,00 zł","899,00 zł","-10%","35 osób kupiło","https://allegro.pl/oferta/drazek-drabinka-porecze-laweczka-do-cwiczen-hak-8896546941"
"250","Sport i turystyka","LINY TAŚMY DO ĆWICZEŃ PASY TRENINGOWE CROSSFIT","199,00 zł","85,00 zł","-57%","40 osób kupiło","https://allegro.pl/oferta/liny-tasmy-do-cwiczen-pasy-treningowe-crossfit-8505163184"
"249","Sport i turystyka","ZESTAW TAŚM GUM TEKSTYLNYCH DO ĆWICZEŃ TAŚMY GUMY","140,00 zł","40,00 zł","-71%","42 osoby kupiły","https://allegro.pl/oferta/zestaw-tasm-gum-tekstylnych-do-cwiczen-tasmy-gumy-10042624145"
"219","Sport i turystyka","Błotnik rowerowy KELLYS IMPACT HILL na rower MTB","29,90 zł","28,41 zł","Smart! okazja","4 osoby kupiły","https://allegro.pl/oferta/blotnik-rowerowy-kellys-impact-hill-na-rower-mtb-10135488642"
"295","Sport i turystyka","TELESKOPOWY DRĄŻEK ROZPOROWY DO PODCIĄGANIA MOCNY","32,50 zł","29,00 zł","wyprzedaż","11 osób kupiło","https://allegro.pl/oferta/teleskopowy-drazek-rozporowy-do-podciagania-mocny-9711677767"
"263","Sport i turystyka","ROLLER PODWÓJNE KÓŁKO DO ĆWICZEŃ DUNLOP + MATA","69,00 zł","35,00 zł","-49%","4 osoby kupiły","https://allegro.pl/oferta/roller-podwojne-kolko-do-cwiczen-dunlop-mata-10162275771"
"327","Sport i turystyka","KFD PRO SHAKER - DUŻY, SZCZELNY SZEJKER DO ODŻYWEK","14,99 zł","9,99 zł","-33%","994 osoby kupiły","https://allegro.pl/oferta/kfd-pro-shaker-duzy-szczelny-szejker-do-odzywek-6705020882"
"253","Sport i turystyka","REDIN 100kaps. MOCNY SPALACZ TŁUSZCZU REDUKCJA","199,00 zł","139,00 zł","-30%","319 osób kupiło","https://allegro.pl/events/clicks?emission_unit_id=6da049c6-0283-4a14-958c-bc8e822e9c63&emission_id=bbebc96a-42ba-4c63-9b39-c52ad28678c8&type=OFFER&ts=1616445835207&redirect=https%3A%2F%2Fallegro.pl%2Foferta%2Fredin-100kaps-mocny-spalacz-tluszczu-redukcja-10240022353%3Fbi_s%3Dads%26bi_m%3Dlisting%253Adesktop%253Aqueryandcategory%26bi_c%3DNGFjOGE3NzEtNDM0My00YzBkLTgwYzktN2E3MTcyZWZhY2EyAA%26bi_t%3Dape&placement=listing:desktop:queryandcategory&sig=5fe14123e2f8ea68450b184c7df11012"
"304","Sport i turystyka","ZESTAW 5 SZT GUM DO ĆWICZEŃ TAŚMY OPOROWE FITNESS","129,00 zł","9,90 zł","-92%","810 osób kupiło","https://allegro.pl/oferta/zestaw-5-szt-gum-do-cwiczen-tasmy-oporowe-fitness-9948538348"
"244","Sport i turystyka","Rowerek Stacjonarny Rower Treningowy Składany","899,90 zł","499,00 zł","-44%","91 osób kupiło","https://allegro.pl/oferta/rowerek-stacjonarny-rower-treningowy-skladany-9662847527"
"275","Sport i turystyka","PLATFORMA WIBRACYJNA WIBRUJĄCA MASAŻER VIBRO SLIM","399,00 zł","328,00 zł","-17%","96 osób kupiło","https://allegro.pl/events/clicks?emission_unit_id=2f52d90d-ffe8-4cc2-9535-80624a49c351&emission_id=bbebc96a-42ba-4c63-9b39-c52ad28678c8&type=OFFER&ts=1616445835207&redirect=https%3A%2F%2Fallegro.pl%2Foferta%2Fplatforma-wibracyjna-wibrujaca-masazer-vibro-slim-9839501528%3Fbi_s%3Dads%26bi_m%3Dlisting%253Adesktop%253Aqueryandcategory%26bi_c%3DZWFmNDQ1YmMtYWUzOS00NDI1LWE0NjctYTA4ZjllYjM5OGZjAA%26bi_t%3Dape&placement=listing:desktop:queryandcategory&sig=89cc7fc6fc361a11e69a006184ecf39f"
"256","Sport i turystyka","GUMY OPOROWE ZESTAW DO ĆWICZEŃ FITNESS Z UCHWYTEM","89,99 zł","39,99 zł","-55%","21 osób kupiło","https://allegro.pl/oferta/gumy-oporowe-zestaw-do-cwiczen-fitness-z-uchwytem-10149348979"
"276","Sport i turystyka","TREC SOY PROTEIN ISOLATE 750g BIAŁKO SOJOWE WPI","59,99 zł","40,00 zł","-33%","8 osób kupiło","https://allegro.pl/events/clicks?emission_unit_id=6ecf4e1c-2e88-48c6-be14-f263f1ca2db7&emission_id=bbebc96a-42ba-4c63-9b39-c52ad28678c8&type=OFFER&ts=1616445835207&redirect=https%3A%2F%2Fallegro.pl%2Foferta%2Ftrec-soy-protein-isolate-750g-bialko-sojowe-wpi-9869034595%3Fbi_s%3Dads%26bi_m%3Dlisting%253Adesktop%253Aqueryandcategory%26bi_c%3DZGM3NzdjZTEtOGRhYy00NzgwLTkzNGQtZDk5ZTFhNTlmZDBlAA%26bi_t%3Dape&placement=listing:desktop:queryandcategory&sig=6408e0df7d9130c886e07524a30290cc"
"248","Sport i turystyka","WYSOKIEJ JAKOŚCI WYSZCZUPLAJĄCY PAS NEOPRENOWY","99,00 zł","14,99 zł","-84%","43 osoby kupiły","https://allegro.pl/oferta/wysokiej-jakosci-wyszczuplajacy-pas-neoprenowy-9200779802"
"313","Sport i turystyka","Rowerek Stacjonarny Rower Treningowy Składany","899,90 zł","499,00 zł","-44%","91 osób kupiło","https://allegro.pl/oferta/rowerek-stacjonarny-rower-treningowy-skladany-9662847527"
"241","Sport i turystyka","AB WHEEL KÓŁKO DO ĆWICZEŃ MIĘŚNI BRZUCHA ROLLER","69,99 zł","34,99 zł","-50%","220 osób kupiło","https://allegro.pl/oferta/ab-wheel-kolko-do-cwiczen-miesni-brzucha-roller-10110199616"
"325","Sport i turystyka","MASKA Ochronna Antywirusowa + Filtry HEPA","44,50 zł","40,05 zł","wyprzedaż","11 osób kupiło","https://allegro.pl/oferta/maska-ochronna-antywirusowa-filtry-hepa-10495382219"
"292","Sport i turystyka","Rogi na kierownicę KELLYS ADVANCED aluminium black","49,99 zł","47,49 zł","Smart! okazja","8 osób kupiło","https://allegro.pl/oferta/rogi-na-kierownice-kellys-advanced-aluminium-black-10024972783"
"280","Sport i turystyka","ROWER TRENINGOWY ROWEREK STACJONARNY VeoSport","420,00 zł","309,99 zł","-26%","228 osób kupiło","https://allegro.pl/oferta/rower-treningowy-rowerek-stacjonarny-veosport-9671093603"
"217","Sport i turystyka","TORBA ROWEROWA NA ROWER RAMĘ TELEFON UCHWYT SAKWA","59,00 zł","20,00 zł","wyprzedaż","17 osób kupiło","https://allegro.pl/oferta/torba-rowerowa-na-rower-rame-telefon-uchwyt-sakwa-10465344372"
"265","Sport i turystyka","Platforma Wibracyjna Masażer+pilot Vibro Slim HS","699,00 zł","423,00 zł","-39%","8 osób kupiło","https://allegro.pl/oferta/platforma-wibracyjna-masazer-pilot-vibro-slim-hs-7813494666"
"228","Sport i turystyka","LAZY BAG AIR SOFA MATERAC LEŻAK NA POWIETRZE PARTY","89,00 zł","40,00 zł","wyprzedaż","6 osób kupiło","https://allegro.pl/oferta/lazy-bag-air-sofa-materac-lezak-na-powietrze-party-10465459789"
"240","Sport i turystyka","ZESTAW 5 GUM DO ĆWICZEŃ MINI BAND TAŚMY FITNESS","29,00 zł","16,50 zł","-43%","344 osoby kupiły","https://allegro.pl/oferta/zestaw-5-gum-do-cwiczen-mini-band-tasmy-fitness-9382819627"
"286","Sport i turystyka","TORBA ROWEROWA NA ROWER RAMĘ TELEFON UCHWYT SAKWA","59,00 zł","20,00 zł","wyprzedaż","17 osób kupiło","https://allegro.pl/oferta/torba-rowerowa-na-rower-rame-telefon-uchwyt-sakwa-10465344372"
"209","Sport i turystyka","Maska filtrująca FFP2, maska z zaworkiem 100 szt.","540,00 zł","440,00 zł","-18%","1 osoba kupiła","https://allegro.pl/events/clicks?emission_unit_id=9980b455-19ff-4422-8d59-4de8a73a7f3e&emission_id=bbebc96a-42ba-4c63-9b39-c52ad28678c8&type=OFFER&ts=1616445835207&redirect=https%3A%2F%2Fallegro.pl%2Foferta%2Fmaska-filtrujaca-ffp2-maska-z-zaworkiem-100-szt-10507541420%3Fbi_s%3Dads%26bi_m%3Dlisting%253Adesktop%253Aqueryandcategory%26bi_c%3DOWNkYThhYWItNzc3Yi00NDY4LThlNjAtNDRmOGQ2MDUzNzFkAA%26bi_t%3Dape&placement=listing:desktop:queryandcategory&sig=9747f2f00118fc615c85cfe36abad011"
"278","Sport i turystyka","Maska filtrująca FFP2, maska z zaworkiem 100 szt.","540,00 zł","440,00 zł","-18%","1 osoba kupiła","https://allegro.pl/events/clicks?emission_unit_id=8e6e1009-8402-47eb-b7ee-fca2b58c6950&emission_id=532270f7-4b01-418a-afa1-8fe482683032&type=OFFER&ts=1616445846836&redirect=https%3A%2F%2Fallegro.pl%2Foferta%2Fmaska-filtrujaca-ffp2-maska-z-zaworkiem-100-szt-10507541420%3Fbi_s%3Dads%26bi_m%3Dlisting%253Adesktop%253Aqueryandcategory%26bi_c%3DOWNkYThhYWItNzc3Yi00NDY4LThlNjAtNDRmOGQ2MDUzNzFkAA%26bi_t%3Dape&placement=listing:desktop:queryandcategory&sig=9942bf9fe42c0f8d2c5b558d94b2b5cd"
"242","Sport i turystyka","REDIN 100 MOCNY SPALACZ TŁUSZCZU THERMO FAT BURNER","199,99 zł","139,00 zł","-30%","134 osoby kupiły","https://allegro.pl/events/clicks?emission_unit_id=3f675bea-1d43-459d-9ea6-25173bd9297f&emission_id=bbebc96a-42ba-4c63-9b39-c52ad28678c8&type=OFFER&ts=1616445835207&redirect=https%3A%2F%2Fallegro.pl%2Foferta%2Fredin-100-mocny-spalacz-tluszczu-thermo-fat-burner-10421136897%3Fbi_s%3Dads%26bi_m%3Dlisting%253Adesktop%253Aqueryandcategory%26bi_c%3DNjdiYzhmMTItNzgxZS00OTkzLTlhZWQtNTMxODhkNGZlNTk5AA%26bi_t%3Dape&placement=listing:desktop:queryandcategory&sig=d1318976605d854a02fe6f60e5d97b25"
"254","Sport i turystyka","Mata do ćwiczeń inSPORTline YOGA FITNESS","59,90 zł","29,90 zł","-50%","6 osób kupiło","https://allegro.pl/oferta/mata-do-cwiczen-insportline-yoga-fitness-10411476206"
"326","Sport i turystyka","SKARPETKI DAMSKIE DO JOGI DR SOXO SPORTOWE ABS","29,99 zł","16,99 zł","-43%","85 osób kupiło","https://allegro.pl/oferta/skarpetki-damskie-do-jogi-dr-soxo-sportowe-abs-9173104089"
"235","Sport i turystyka","ZESTAW 5 SZT GUM DO ĆWICZEŃ TAŚMY OPOROWE FITNESS","129,00 zł","9,90 zł","-92%","810 osób kupiło","https://allegro.pl/oferta/zestaw-5-szt-gum-do-cwiczen-tasmy-oporowe-fitness-9948538348"
"214","Sport i turystyka","OstroVit Guma Treningowa Opór 23-57 kg FITNESS","54,00 zł","48,60 zł","Smart! okazja","15 osób kupiło","https://allegro.pl/oferta/ostrovit-guma-treningowa-opor-23-57-kg-fitness-9761069830"
"226","Sport i turystyka","TELESKOPOWY DRĄŻEK ROZPOROWY DO PODCIĄGANIA MOCNY","32,50 zł","29,00 zł","wyprzedaż","11 osób kupiło","https://allegro.pl/oferta/teleskopowy-drazek-rozporowy-do-podciagania-mocny-9711677767"
"261","Sport i turystyka","4fizjo MATA PUZZLE POD SPRZĘT DO ĆWICZEŃ BASEN","49,90 zł","34,99 zł","-29%","12 osób kupiło","https://allegro.pl/oferta/4fizjo-mata-puzzle-pod-sprzet-do-cwiczen-basen-9791256416"
"266","Sport i turystyka","WIELOFUNKCYJNY DRĄŻEK DO ĆWICZEŃ PILATES","45,14 zł","38,00 zł","wyprzedaż","8 osób kupiło","https://allegro.pl/oferta/wielofunkcyjny-drazek-do-cwiczen-pilates-9730991437"
"312","Sport i turystyka","ZESTAW 3 GUMY OPOROWE TAŚMY MATERIAŁOWE DO ĆWICZEŃ","119,99 zł","49,99 zł","-58%","146 osób kupiło","https://allegro.pl/oferta/zestaw-3-gumy-oporowe-tasmy-materialowe-do-cwiczen-10186844225"
"260","Sport i turystyka","SKAKANKA STANDARD BOKSERSKA Z ŁOŻYSKAMI SPEED 3M","29,99 zł","17,99 zł","-40%","159 osób kupiło","https://allegro.pl/oferta/skakanka-standard-bokserska-z-lozyskami-speed-3m-9543030370"
"231","Sport i turystyka","KFD WPC 80 Regular+(Białko Serwatkowe Instant)-3kg","169,99 zł","114,99 zł","-32%","839 osób kupiło","https://allegro.pl/events/clicks?emission_unit_id=d7d8961a-08b2-4370-930a-69843fcbf51f&emission_id=bbebc96a-42ba-4c63-9b39-c52ad28678c8&type=OFFER&ts=1616445835207&redirect=https%3A%2F%2Fallegro.pl%2Foferta%2Fkfd-wpc-80-regular-bialko-serwatkowe-instant-3kg-8473969079%3Fbi_s%3Dads%26bi_m%3Dlisting%253Adesktop%253Aqueryandcategory%26bi_c%3DMDExNzEwYjctYjdhMi00ZjE4LWE3ODYtYjIxNzk1YTFhMzFkAA%26bi_t%3Dape&placement=listing:desktop:queryandcategory&sig=a1bb394a1f039c9ecf076738ecd90ab6"
"258","Sport i turystyka","KFD PRO SHAKER - DUŻY, SZCZELNY SZEJKER DO ODŻYWEK","14,99 zł","9,99 zł","-33%","994 osoby kupiły","https://allegro.pl/oferta/kfd-pro-shaker-duzy-szczelny-szejker-do-odzywek-6705020882"
"239","Sport i turystyka","STEPPER STEPER GUMY DO ĆWICZEŃ SKRĘTNY MODEL 2021","400,00 zł","199,99 zł","-50%","82 osoby kupiły","https://allegro.pl/oferta/stepper-steper-gumy-do-cwiczen-skretny-model-2021-10117257209"
"444","Supermarket","PROSZEK PRANIA UNIWERSALNY 5kg 60pr NIEMIECKI PROF","29,99 zł","21,99 zł","-26%","4 osoby kupiły","https://allegro.pl/oferta/proszek-prania-uniwersalny-5kg-60pr-niemiecki-prof-10213061185"
"397","Supermarket","MISKA SPOWALNIAJĄCA JEDZENIE dla PSA KOTA","19,99 zł","7,99 zł","-60%","28 osób kupiło","https://allegro.pl/oferta/miska-spowalniajaca-jedzenie-dla-psa-kota-9735239305"
"436","Supermarket","PROSZEK DO PRANIA MIX 7,5kg NIEMIECKI 100pr+GRATIS","69,90 zł","39,99 zł","-42%","14 osób kupiło","https://allegro.pl/oferta/proszek-do-prania-mix-7-5kg-niemiecki-100pr-gratis-9702135918"
"362","Supermarket","NIEMIECKIE TABLETKI DO ZMYWARKI 12w1 XXL 500szt","359,00 zł","69,99 zł","-80%","546 osób kupiło","https://allegro.pl/oferta/niemieckie-tabletki-do-zmywarki-12w1-xxl-500szt-8664735065"
"381","Supermarket","Coccolino Intense Płukania Fresh Sky 3x960ml 172pr","89,99 zł","45,99 zł","-48%","27 osób kupiło","https://allegro.pl/oferta/coccolino-intense-plukania-fresh-sky-3x960ml-172pr-9407398445"
"359","Supermarket","Bryza Proszek do Prania 4w1 Zestaw Color + White","59,99 zł","48,59 zł","-19%","233 osoby kupiły","https://allegro.pl/oferta/bryza-proszek-do-prania-4w1-zestaw-color-white-10122266359"
"421","Supermarket","ZGNIATARKA DO BUTELEK, PUSZEK I KARTONÓW ZGNIATACZ","39,00 zł","24,99 zł","wyprzedaż","19 osób kupiło","https://allegro.pl/oferta/zgniatarka-do-butelek-puszek-i-kartonow-zgniatacz-8924646105"
"440","Supermarket","Coccolino Care Kapsułki do prania MIX 120szt 3x XL","159,99 zł","89,99 zł","-43%","46 osób kupiło","https://allegro.pl/oferta/coccolino-care-kapsulki-do-prania-mix-120szt-3x-xl-9640208316"
"416","Supermarket","Coccolino Care Kapsułki do prania Kolor 80szt 2xXL","109,99 zł","59,99 zł","-45%","69 osób kupiło","https://allegro.pl/events/clicks?emission_unit_id=f3194e4f-89b1-4179-b570-4285493cf327&emission_id=ec7d7b11-9140-4bc5-8c10-3d58af8f214a&type=OFFER&ts=1616445864679&redirect=https%3A%2F%2Fallegro.pl%2Foferta%2Fcoccolino-care-kapsulki-do-prania-kolor-80szt-2xxl-9640212149%3Fbi_s%3Dads%26bi_m%3Dlisting%253Adesktop%253Aqueryandcategory%26bi_c%3DMmI0YzMxMzItM2JlOC00MjUzLWEyMjgtMzgwNTk1OGFkNGMyAA%26bi_t%3Dape&placement=listing:desktop:queryandcategory&sig=e40f0e3abe0faaf19b235dbd5e411f21"
"432","Supermarket","Persil Żel do Prania Against Bad Odors MIX 2x2,7l","109,99 zł","69,99 zł","-36%","40 osób kupiło","https://allegro.pl/oferta/persil-zel-do-prania-against-bad-odors-mix-2x2-7l-9138494368"
"365","Supermarket","Bryza Płyn do Czyszczenia Pralki Lemon 4x250ml","47,99 zł","31,49 zł","-34%","61 osób kupiło","https://allegro.pl/oferta/bryza-plyn-do-czyszczenia-pralki-lemon-4x250ml-8941496076"
"374","Supermarket","PŁYN DO PRANIA 3w1 SPORT 2L = 55 prań NIEMIECKI DE","22,99 zł","12,99 zł","-43%","12 osób kupiło","https://allegro.pl/oferta/plyn-do-prania-3w1-sport-2l-55-pran-niemiecki-de-10213234837"
"394","Supermarket","AJAX BOOST płyn uniwersalny z AKTYWNYM WĘGLEM 3x1L","23,99 zł","19,99 zł","-16%","11 osób kupiło","https://allegro.pl/oferta/ajax-boost-plyn-uniwersalny-z-aktywnym-weglem-3x1l-10174266242"
"451","Supermarket","SIATKA NA BALKON OKNO DLA KOTA PTAKI GOŁĘBIE KOLOR","6,80 zł","5,30 zł","-22%","312 osób kupiło","https://allegro.pl/oferta/siatka-na-balkon-okno-dla-kota-ptaki-golebie-kolor-6746811984"
"347","Supermarket","Coccolino Care Kapsułki do prania Kolor 80szt 2xXL","109,99 zł","59,99 zł","-45%","69 osób kupiło","https://allegro.pl/events/clicks?emission_unit_id=17776a45-07ba-46bd-b995-a371ab8abcf0&emission_id=6a10a6f3-c7b2-4a80-ae7e-88c0217e1d15&type=OFFER&ts=1616445858385&redirect=https%3A%2F%2Fallegro.pl%2Foferta%2Fcoccolino-care-kapsulki-do-prania-kolor-80szt-2xxl-9640212149%3Fbi_s%3Dads%26bi_m%3Dlisting%253Adesktop%253Aqueryandcategory%26bi_c%3DMmI0YzMxMzItM2JlOC00MjUzLWEyMjgtMzgwNTk1OGFkNGMyAA%26bi_t%3Dape&placement=listing:desktop:queryandcategory&sig=2c6b31b91bb1af52051b670d92a952ce"
"426","Supermarket","Bryza Proszek do Prania 4w1 Zestaw Color + White","59,99 zł","48,59 zł","-19%","233 osoby kupiły","https://allegro.pl/oferta/bryza-proszek-do-prania-4w1-zestaw-color-white-10122266359"
"368","Supermarket","PROSZEK PRANIA 6,2kg 80pr COLOR WHITE NIEMIECKI","49,99 zł","29,99 zł","-40%","11 osób kupiło","https://allegro.pl/oferta/proszek-prania-6-2kg-80pr-color-white-niemiecki-10418249982"
"357","Supermarket","Omo Ultimate Active Trio Kapsułki Prania 80szt XL","98,99 zł","52,49 zł","-46%","224 osoby kupiły","https://allegro.pl/oferta/omo-ultimate-active-trio-kapsulki-prania-80szt-xl-9526886902"
"358","Supermarket","SOK JABŁKO BURAK TŁOCZONY PROZDROWOTNY NFC 5L","24,99 zł","19,99 zł","-20%","87 osób kupiło","https://allegro.pl/events/clicks?emission_unit_id=a0d6d07e-0011-4953-a7e1-564f53c38acd&emission_id=6a10a6f3-c7b2-4a80-ae7e-88c0217e1d15&type=OFFER&ts=1616445858385&redirect=https%3A%2F%2Fallegro.pl%2Foferta%2Fsok-jablko-burak-tloczony-prozdrowotny-nfc-5l-9683017543%3Fbi_s%3Dads%26bi_m%3Dlisting%253Adesktop%253Aqueryandcategory%26bi_c%3DMWQ4ZTBhZjktMzkxMS00MGJjLWI5ZDEtN2NlMjcyYTgzYmM2AA%26bi_t%3Dape&placement=listing:desktop:queryandcategory&sig=5db8b23eead4272c1ed46a092f69d392"
"412","Supermarket","Kosz na odpady śmieci do segregacji POTRÓJNY 3x13L","249,99 zł","89,99 zł","-64%","51 osób kupiło","https://allegro.pl/oferta/kosz-na-odpady-smieci-do-segregacji-potrojny-3x13l-9279560113"
"435","Supermarket","Gallus Color kapsułki do prania kolorów 30szt","29,99 zł","21,99 zł","-26%","28 osób kupiło","https://allegro.pl/oferta/gallus-color-kapsulki-do-prania-kolorow-30szt-10149656999"
"430","Supermarket","Coccolino Care kapsułki do prania Kolor 3x29=87szt","134,99 zł","69,49 zł","-48%","53 osoby kupiły","https://allegro.pl/oferta/coccolino-care-kapsulki-do-prania-kolor-3x29-87szt-9713209808"
"383","Supermarket","Bref Power Zawieszka WC MIX (4x50g) x 4 opak","79,99 zł","54,95 zł","-31%","68 osób kupiło","https://allegro.pl/oferta/bref-power-zawieszka-wc-mix-4x50g-x-4-opak-9245545806"
"456","Supermarket","Somat Tabletki do Zmywarki Gold 3x72 (216 szt)","179,99 zł","109,99 zł","-38%","27 osób kupiło","https://allegro.pl/oferta/somat-tabletki-do-zmywarki-gold-3x72-216-szt-9113151673"
"396","Supermarket","Air Wick Botanica Świeca Zapachowa Zestaw 3 sztuki","62,99 zł","52,19 zł","-17%","8 osób kupiło","https://allegro.pl/oferta/air-wick-botanica-swieca-zapachowa-zestaw-3-sztuki-9064324585"
"356","Supermarket","Surf Color Black Żel do Prania Zestaw 180pr 3 x 3L","146,99 zł","57,99 zł","-60%","463 osoby kupiły","https://allegro.pl/oferta/surf-color-black-zel-do-prania-zestaw-180pr-3-x-3l-9333841285"
"441","Supermarket","Fairy Kapsułki do zmywarki Platinum Plus 84 sztuki","124,99 zł","59,99 zł","-52%","5260 osób kupiło","https://allegro.pl/oferta/fairy-kapsulki-do-zmywarki-platinum-plus-84-sztuki-8024455382"
"388","Supermarket","Somat Tabletki do Zmywarki Gold 3x72 (216 szt)","179,99 zł","109,99 zł","-38%","27 osób kupiło","https://allegro.pl/oferta/somat-tabletki-do-zmywarki-gold-3x72-216-szt-9113151673"
"387","Supermarket","KRET WC kostka do spłuczki BIO 3x50 g EKOLOGICZNE","9,89 zł","6,89 zł","-30%","87 osób kupiło","https://allegro.pl/oferta/kret-wc-kostka-do-spluczki-bio-3x50-g-ekologiczne-10205315868"
"457","Supermarket","KRET WC kostka do spłuczki BIO 3x50 g EKOLOGICZNE","9,89 zł","6,89 zł","-30%","87 osób kupiło","https://allegro.pl/oferta/kret-wc-kostka-do-spluczki-bio-3x50-g-ekologiczne-10205315868"
"425","Supermarket","Surf Color Black Żel do Prania Zestaw 180pr 3 x 3L","146,99 zł","57,99 zł","-60%","463 osoby kupiły","https://allegro.pl/oferta/surf-color-black-zel-do-prania-zestaw-180pr-3-x-3l-9333841285"
"399","Supermarket","MAGICZNA GĄBKA DO CZYSZCZENIA PLAM USUWA BRUD MOC","22,00 zł","2,99 zł","-86%","1723 osoby kupiły","https://allegro.pl/oferta/magiczna-gabka-do-czyszczenia-plam-usuwa-brud-moc-9433435020"
"405","Supermarket","Somat Pro Nature Tabletki do Zmywarki 54 szt","45,99 zł","31,95 zł","-30%","8 osób kupiło","https://allegro.pl/oferta/somat-pro-nature-tabletki-do-zmywarki-54-szt-9639914314"
"363","Supermarket","Persil Żel do Prania Against Bad Odors MIX 2x2,7l","109,99 zł","69,99 zł","-36%","40 osób kupiło","https://allegro.pl/oferta/persil-zel-do-prania-against-bad-odors-mix-2x2-7l-9138494368"
"450","Supermarket","POTRÓJNY KOSZ DO SEGREGACJI ODPADÓW 60 L STALOWY","449,00 zł","399,00 zł","wyprzedaż","12 osób kupiło","https://allegro.pl/oferta/potrojny-kosz-do-segregacji-odpadow-60-l-stalowy-9882824945"
"372","Supermarket","Fairy Kapsułki do zmywarki Platinum Plus 84 sztuki","124,99 zł","59,99 zł","-52%","5260 osób kupiło","https://allegro.pl/oferta/fairy-kapsulki-do-zmywarki-platinum-plus-84-sztuki-8024455382"
"428","Supermarket","Omo Ultimate Active Trio Kapsułki Prania 80szt XL","98,99 zł","52,49 zł","-46%","224 osoby kupiły","https://allegro.pl/oferta/omo-ultimate-active-trio-kapsulki-prania-80szt-xl-9526886902"
"448","Supermarket","Coccolino Intense Płukania Fresh Sky 3x960ml 172pr","89,99 zł","45,99 zł","-48%","27 osób kupiło","https://allegro.pl/oferta/coccolino-intense-plukania-fresh-sky-3x960ml-172pr-9407398445"
"447","Supermarket","L0719 SKIP PŁYN ŻEL DO PRANIA 2 X 2,65 L 106 PRAŃ","139,00 zł","75,00 zł","-46%","11 osób kupiło","https://allegro.pl/oferta/l0719-skip-plyn-zel-do-prania-2-x-2-65-l-106-pran-10243105221"
"401","Supermarket","AJAX płyn do mycia szyb spray KONWALIA 3x500ml","23,99 zł","20,99 zł","-12%","11 osób kupiło","https://allegro.pl/oferta/ajax-plyn-do-mycia-szyb-spray-konwalia-3x500ml-10174473922"
"455","Supermarket","AJAX zestaw do czyszczenia domu spray 3x750 ml","38,99 zł","29,99 zł","-23%","30 osób kupiło","https://allegro.pl/oferta/ajax-zestaw-do-czyszczenia-domu-spray-3x750-ml-10174429759"
"437","Supermarket","PROSZEK PRANIA 6,2kg 80pr COLOR WHITE NIEMIECKI","49,99 zł","29,99 zł","-40%","11 osób kupiło","https://allegro.pl/oferta/proszek-prania-6-2kg-80pr-color-white-niemiecki-10418249982"
"392","Supermarket","PODAJNIK DOZOWNIK KARMY AUTOMAT DLA PSA KOTA MISKA","220,00 zł","79,99 zł","-63%","13 osób kupiło","https://allegro.pl/oferta/podajnik-dozownik-karmy-automat-dla-psa-kota-miska-9472012932"
"431","Supermarket","NIEMIECKIE TABLETKI DO ZMYWARKI 12w1 XXL 500szt","359,00 zł","69,99 zł","-80%","546 osób kupiło","https://allegro.pl/oferta/niemieckie-tabletki-do-zmywarki-12w1-xxl-500szt-8664735065"
"443","Supermarket","PŁYN DO PRANIA 3w1 SPORT 2L = 55 prań NIEMIECKI DE","22,99 zł","12,99 zł","-43%","12 osób kupiło","https://allegro.pl/oferta/plyn-do-prania-3w1-sport-2l-55-pran-niemiecki-de-10213234837"
"393","Supermarket","Dettol zestaw Antybakteryjny Spray Orginal +Lime 4","60,00 zł","47,99 zł","-20%","5 osób kupiło","https://allegro.pl/oferta/dettol-zestaw-antybakteryjny-spray-orginal-lime-4-10009192051"
"376","Supermarket","Zestaw Finish All-in-One 63 szt. Regularne Z7","99,00 zł","53,99 zł","-45%","109 osób kupiło","https://allegro.pl/oferta/zestaw-finish-all-in-one-63-szt-regularne-z7-9109194818"
"409","Supermarket","Domestos Power 5 Magnolia Zawieszka do WC 6x55g","36,99 zł","19,99 zł","-45%","5 osób kupiło","https://allegro.pl/oferta/domestos-power-5-magnolia-zawieszka-do-wc-6x55g-9999727844"
"398","Supermarket","Somat Pro Nature Tabletki do Zmywarki 108 Sztuk","99,99 zł","68,99 zł","-31%","15 osób kupiło","https://allegro.pl/oferta/somat-pro-nature-tabletki-do-zmywarki-108-sztuk-9654543501"
"382","Supermarket","POTRÓJNY KOSZ DO SEGREGACJI ODPADÓW 60 L STALOWY","449,00 zł","399,00 zł","wyprzedaż","12 osób kupiło","https://allegro.pl/oferta/potrojny-kosz-do-segregacji-odpadow-60-l-stalowy-9882824945"
"408","Supermarket","Mydło w płynie Ligia 5l zapach bzu","19,99 zł","18,50 zł","-7%","9 osób kupiło","https://allegro.pl/oferta/mydlo-w-plynie-ligia-5l-zapach-bzu-9071886003"
"445","Supermarket","Finish Zestaw do Zmywarki All in One 90 XL 6 szt","239,99 zł","107,99 zł","-55%","67 osób kupiło","https://allegro.pl/oferta/finish-zestaw-do-zmywarki-all-in-one-90-xl-6-szt-9340432929"
"454","Supermarket","Somat Gel Classic Żel do Zmywarki 3x2l (258pr)","99,99 zł","64,99 zł","-35%","74 osoby kupiły","https://allegro.pl/oferta/somat-gel-classic-zel-do-zmywarki-3x2l-258pr-9112816620"
"371","Supermarket","Coccolino Care Kapsułki do prania MIX 120szt 3x XL","159,99 zł","89,99 zł","-43%","46 osób kupiło","https://allegro.pl/oferta/coccolino-care-kapsulki-do-prania-mix-120szt-3x-xl-9640208316"
"406","Supermarket","AJAX TRIPLE ACTION płyn do szyb spray 12x500ml","99,48 zł","69,99 zł","-29%","7 osób kupiło","https://allegro.pl/oferta/ajax-triple-action-plyn-do-szyb-spray-12x500ml-10171136301"
"386","Supermarket","AJAX zestaw do czyszczenia domu spray 3x750 ml","38,99 zł","29,99 zł","-23%","30 osób kupiło","https://allegro.pl/oferta/ajax-zestaw-do-czyszczenia-domu-spray-3x750-ml-10174429759"
"407","Supermarket","AJAX KUCHNIA spray do czyszczenia 2x750 ml","25,99 zł","19,99 zł","-23%","8 osób kupiło","https://allegro.pl/oferta/ajax-kuchnia-spray-do-czyszczenia-2x750-ml-10174349510"
"411","Supermarket","Domestos Power 5 Ocean Zawieszka do WC 9x55g","49,99 zł","29,79 zł","-40%","10 osób kupiło","https://allegro.pl/oferta/domestos-power-5-ocean-zawieszka-do-wc-9x55g-9662515385"
"390","Supermarket","Cif Natural Spray do Kuchni i Łazienki MIX 2x750ml","39,99 zł","24,49 zł","-38%","49 osób kupiło","https://allegro.pl/oferta/cif-natural-spray-do-kuchni-i-lazienki-mix-2x750ml-9397905198"
"346","Supermarket","Kawa Ziarnista 2KG BRAZYLIA SANTOS - Świeżo Palona","144,00 zł","69,00 zł","-52%","648 osób kupiło","https://allegro.pl/events/clicks?emission_unit_id=51bd3fb7-9aef-4d8c-87e5-5bd73bc308d2&emission_id=6a10a6f3-c7b2-4a80-ae7e-88c0217e1d15&type=OFFER&ts=1616445858384&redirect=https%3A%2F%2Fallegro.pl%2Foferta%2Fkawa-ziarnista-2kg-brazylia-santos-swiezo-palona-10028220180%3Fbi_s%3Dads%26bi_m%3Dlisting%253Adesktop%253Aqueryandcategory%26bi_c%3DMjUyMDgwYmEtN2QyOS00MTQwLWJjYmMtMGY0MzA2NGFiNmNhAA%26bi_t%3Dape&placement=listing:desktop:queryandcategory&sig=b78b777ab78ed5c3489c8e2abad255a5"
"366","Supermarket","Gallus Color kapsułki do prania kolorów 30szt","29,99 zł","21,99 zł","-26%","28 osób kupiło","https://allegro.pl/oferta/gallus-color-kapsulki-do-prania-kolorow-30szt-10149656999"
"439","Supermarket","Gallus UNIWERSALNE Kapsułki Prania tkanin 30szt","29,99 zł","21,99 zł","-26%","20 osób kupiło","https://allegro.pl/oferta/gallus-uniwersalne-kapsulki-prania-tkanin-30szt-10149751243"
"434","Supermarket","Bryza Płyn do Czyszczenia Pralki Lemon 4x250ml","47,99 zł","31,49 zł","-34%","61 osób kupiło","https://allegro.pl/oferta/bryza-plyn-do-czyszczenia-pralki-lemon-4x250ml-8941496076"
"442","Supermarket","Domestos płyn do toalet zestaw 4x750ml Citrus Pine","31,96 zł","24,29 zł","-23%","86 osób kupiło","https://allegro.pl/oferta/domestos-plyn-do-toalet-zestaw-4x750ml-citrus-pine-9737679021"
"453","Supermarket","Bref Power Zawieszka WC MIX (4x50g) x 4 opak","79,99 zł","54,95 zł","-31%","68 osób kupiło","https://allegro.pl/oferta/bref-power-zawieszka-wc-mix-4x50g-x-4-opak-9245545806"
"377","Supermarket","Finish Zestaw do Zmywarki All in One 90 XL 6 szt","239,99 zł","107,99 zł","-55%","67 osób kupiło","https://allegro.pl/oferta/finish-zestaw-do-zmywarki-all-in-one-90-xl-6-szt-9340432929"
"410","Supermarket","Suszarka na naczynia CZARNA ociekacz do naczyń","199,99 zł","69,99 zł","-65%","116 osób kupiło","https://allegro.pl/oferta/suszarka-na-naczynia-czarna-ociekacz-do-naczyn-9846336382"
"415","Supermarket","Kawa Ziarnista 2KG BRAZYLIA SANTOS - Świeżo Palona","144,00 zł","69,00 zł","-52%","648 osób kupiło","https://allegro.pl/events/clicks?emission_unit_id=04259087-1751-4779-8bf4-357fa78bb9f9&emission_id=ec7d7b11-9140-4bc5-8c10-3d58af8f214a&type=OFFER&ts=1616445864678&redirect=https%3A%2F%2Fallegro.pl%2Foferta%2Fkawa-ziarnista-2kg-brazylia-santos-swiezo-palona-10028220180%3Fbi_s%3Dads%26bi_m%3Dlisting%253Adesktop%253Aqueryandcategory%26bi_c%3DMjUyMDgwYmEtN2QyOS00MTQwLWJjYmMtMGY0MzA2NGFiNmNhAA%26bi_t%3Dape&placement=listing:desktop:queryandcategory&sig=3ce87c160890407e251345a597c9bd67"
"375","Supermarket","PROSZEK PRANIA UNIWERSALNY 5kg 60pr NIEMIECKI PROF","29,99 zł","21,99 zł","-26%","4 osoby kupiły","https://allegro.pl/oferta/proszek-prania-uniwersalny-5kg-60pr-niemiecki-prof-10213061185"
"403","Supermarket","AJAX ŁAZIENKA spray do czyszczenia 2x750 ml","25,99 zł","19,99 zł","-23%","15 osób kupiło","https://allegro.pl/oferta/ajax-lazienka-spray-do-czyszczenia-2x750-ml-10174303000"
"385","Supermarket","SMYCZ SAMOCHODOWA PASY BEZPIECZEŃSTWA DLA PSA KOTA","24,99 zł","6,99 zł","-72%","162 osoby kupiły","https://allegro.pl/oferta/smycz-samochodowa-pasy-bezpieczenstwa-dla-psa-kota-9552764773"
"373","Supermarket","Domestos płyn do toalet zestaw 4x750ml Citrus Pine","31,96 zł","24,29 zł","-23%","86 osób kupiło","https://allegro.pl/oferta/domestos-plyn-do-toalet-zestaw-4x750ml-citrus-pine-9737679021"
"446","Supermarket","Zestaw Finish All-in-One 63 szt. Regularne Z7","99,00 zł","53,99 zł","-45%","109 osób kupiło","https://allegro.pl/oferta/zestaw-finish-all-in-one-63-szt-regularne-z7-9109194818"
"395","Supermarket","AJAX UNIWERSALNY spray do czyszczenia 2x750 ml","25,99 zł","19,99 zł","-23%","11 osób kupiło","https://allegro.pl/oferta/ajax-uniwersalny-spray-do-czyszczenia-2x750-ml-10174371330"
"458","Supermarket","Coccolino Care Żel do Prania MIX 3x2,4l (180pr)","161,99 zł","88,49 zł","-45%","4 osoby kupiły","https://allegro.pl/oferta/coccolino-care-zel-do-prania-mix-3x2-4l-180pr-9778795988"
"414","Supermarket","Kimbo Dolce Crema 1kg kawa ziarnista","61,99 zł","48,00 zł","-22%","69 osób kupiło","https://allegro.pl/events/clicks?emission_unit_id=f8cf558e-7d2a-485b-9575-a11528f6e007&emission_id=6a10a6f3-c7b2-4a80-ae7e-88c0217e1d15&type=OFFER&ts=1616445858385&redirect=https%3A%2F%2Fallegro.pl%2Foferta%2Fkimbo-dolce-crema-1kg-kawa-ziarnista-9823019293%3Fbi_s%3Dads%26bi_m%3Dlisting%253Adesktop%253Aqueryandcategory%26bi_c%3DYTc5MmQwN2YtMTU0MS00YzM5LWJiYmUtYjM5MTgxZWRkOWIzAA%26bi_t%3Dape&placement=listing:desktop:queryandcategory&sig=1d0b445d184133a315ce11753f635c89"
"404","Supermarket","AJAX płyn uniwersalny KWIAT LAGUNY 3x 1L","23,99 zł","19,99 zł","-16%","8 osób kupiło","https://allegro.pl/oferta/ajax-plyn-uniwersalny-kwiat-laguny-3x-1l-10171445260"
"379","Supermarket","SIATKA NA BALKON OKNO DLA KOTA PTAKI GOŁĘBIE KOLOR","6,80 zł","5,30 zł","-22%","312 osób kupiło","https://allegro.pl/oferta/siatka-na-balkon-okno-dla-kota-ptaki-golebie-kolor-6746811984"
"352","Supermarket","ZGNIATARKA DO BUTELEK, PUSZEK I KARTONÓW ZGNIATACZ","39,00 zł","24,99 zł","wyprzedaż","19 osób kupiło","https://allegro.pl/oferta/zgniatarka-do-butelek-puszek-i-kartonow-zgniatacz-8924646105"
"367","Supermarket","PROSZEK DO PRANIA MIX 7,5kg NIEMIECKI 100pr+GRATIS","69,90 zł","39,99 zł","-42%","14 osób kupiło","https://allegro.pl/oferta/proszek-do-prania-mix-7-5kg-niemiecki-100pr-gratis-9702135918"
"378","Supermarket","L0719 SKIP PŁYN ŻEL DO PRANIA 2 X 2,65 L 106 PRAŃ","139,00 zł","75,00 zł","-46%","11 osób kupiło","https://allegro.pl/oferta/l0719-skip-plyn-zel-do-prania-2-x-2-65-l-106-pran-10243105221"
"354","Supermarket","Płyn do Płukania TRIUMF Cotton Flowers 750ml 28pr","5,08 zł","4,49 zł","wyprzedaż","13 osób kupiło","https://allegro.pl/oferta/plyn-do-plukania-triumf-cotton-flowers-750ml-28pr-10192263323"
"361","Supermarket","Coccolino Care kapsułki do prania Kolor 3x29=87szt","134,99 zł","69,49 zł","-48%","53 osoby kupiły","https://allegro.pl/oferta/coccolino-care-kapsulki-do-prania-kolor-3x29-87szt-9713209808"
"355","Supermarket","Surf Kapsułki do Prania Zestaw Mix 3 x 42 = 126szt","149,99 zł","63,49 zł","-57%","1414 osób kupiło","https://allegro.pl/oferta/surf-kapsulki-do-prania-zestaw-mix-3-x-42-126szt-7975996973"
"413","Supermarket","Finish Tabletki do zmywarki Quantum 300 szt.","299,97 zł","164,99 zł","-44%","163 osoby kupiły","https://allegro.pl/events/clicks?emission_unit_id=e3376306-6e2d-4df0-a350-ba49c481ae01&emission_id=6a10a6f3-c7b2-4a80-ae7e-88c0217e1d15&type=OFFER&ts=1616445858385&redirect=https%3A%2F%2Fallegro.pl%2Foferta%2Ffinish-tabletki-do-zmywarki-quantum-300-szt-8109761568%3Fbi_s%3Dads%26bi_m%3Dlisting%253Adesktop%253Aqueryandcategory%26bi_c%3DMGVkN2E4NWYtZWMzZi00YWViLWI2MGQtYWEzM2Y0MTZkMjBkAA%26bi_t%3Dape&placement=listing:desktop:queryandcategory&sig=67d7cc004a2b467df6970fbdd56ad3e8"
"423","Supermarket","Coccolino Care kapsułki prania Kolor+Czarne 80szt","109,99 zł","59,99 zł","-45%","773 osoby kupiły","https://allegro.pl/oferta/coccolino-care-kapsulki-prania-kolor-czarne-80szt-9713209215"
"389","Supermarket","Coccolino Care Żel do Prania MIX 3x2,4l (180pr)","161,99 zł","88,49 zł","-45%","4 osoby kupiły","https://allegro.pl/oferta/coccolino-care-zel-do-prania-mix-3x2-4l-180pr-9778795988"
"402","Supermarket","Kawa ETIOPIA świeża 72h OD WYPALENIA Arabika 1kg","95,00 zł","44,50 zł","-53%","113 osób kupiło","https://allegro.pl/events/clicks?emission_unit_id=85b3a1b4-813b-4e9e-92b3-7cd522fbec95&emission_id=6a10a6f3-c7b2-4a80-ae7e-88c0217e1d15&type=OFFER&ts=1616445858385&redirect=https%3A%2F%2Fallegro.pl%2Foferta%2Fkawa-etiopia-swieza-72h-od-wypalenia-arabika-1kg-10042924709%3Fbi_s%3Dads%26bi_m%3Dlisting%253Adesktop%253Aqueryandcategory%26bi_c%3DODczNTUyMGItY2I3Mi00NTQ0LWJjNzAtOWMzM2U4MWFlZjNmAA%26bi_t%3Dape&placement=listing:desktop:queryandcategory&sig=ab3f0fce95d5e83cc5671045b8b037cd"
"422","Supermarket","Płyn do Płukania TRIUMF Cotton Flowers 750ml 28pr","5,08 zł","4,49 zł","wyprzedaż","13 osób kupiło","https://allegro.pl/oferta/plyn-do-plukania-triumf-cotton-flowers-750ml-28pr-10192263323"
"364","Supermarket","OMO Ultimate Color Trio kapsułki do prania 3x30szt","95,97 zł","66,99 zł","-30%","129 osób kupiło","https://allegro.pl/oferta/omo-ultimate-color-trio-kapsulki-do-prania-3x30szt-9684716216"
"384","Supermarket","Somat Gel Classic Żel do Zmywarki 3x2l (258pr)","99,99 zł","64,99 zł","-35%","74 osoby kupiły","https://allegro.pl/oferta/somat-gel-classic-zel-do-zmywarki-3x2l-258pr-9112816620"
"429","Supermarket","Fairy Platinum Kapsułki do zmywarek 100 szt.","124,99 zł","59,99 zł","-52%","7241 osób kupiło","https://allegro.pl/oferta/fairy-platinum-kapsulki-do-zmywarek-100-szt-8100632319"
"353","Supermarket","Coccolino Care kapsułki prania Kolor+Czarne 80szt","109,99 zł","59,99 zł","-45%","773 osoby kupiły","https://allegro.pl/oferta/coccolino-care-kapsulki-prania-kolor-czarne-80szt-9713209215"
"400","Supermarket","Obroża dla kota / psa odstraszająca pchły itp 38cm","21,99 zł","20,99 zł","-4%","5 osób kupiło","https://allegro.pl/oferta/obroza-dla-kota-psa-odstraszajaca-pchly-itp-38cm-10233197040"
"433","Supermarket","OMO Ultimate Color Trio kapsułki do prania 3x30szt","95,97 zł","66,99 zł","-30%","129 osób kupiło","https://allegro.pl/oferta/omo-ultimate-color-trio-kapsulki-do-prania-3x30szt-9684716216"
"452","Supermarket","SMYCZ SAMOCHODOWA PASY BEZPIECZEŃSTWA DLA PSA KOTA","24,99 zł","6,99 zł","-72%","162 osoby kupiły","https://allegro.pl/oferta/smycz-samochodowa-pasy-bezpieczenstwa-dla-psa-kota-9552764773"
"459","Supermarket","Cif Natural Spray do Kuchni i Łazienki MIX 2x750ml","39,99 zł","24,49 zł","-38%","49 osób kupiło","https://allegro.pl/oferta/cif-natural-spray-do-kuchni-i-lazienki-mix-2x750ml-9397905198"
"424","Supermarket","Surf Kapsułki do Prania Zestaw Mix 3 x 42 = 126szt","149,99 zł","63,49 zł","-57%","1414 osób kupiło","https://allegro.pl/oferta/surf-kapsulki-do-prania-zestaw-mix-3-x-42-126szt-7975996973"
"360","Supermarket","Fairy Platinum Kapsułki do zmywarek 100 szt.","124,99 zł","59,99 zł","-52%","7241 osób kupiło","https://allegro.pl/oferta/fairy-platinum-kapsulki-do-zmywarek-100-szt-8100632319"
"370","Supermarket","Gallus UNIWERSALNE Kapsułki Prania tkanin 30szt","29,99 zł","21,99 zł","-26%","20 osób kupiło","https://allegro.pl/oferta/gallus-uniwersalne-kapsulki-prania-tkanin-30szt-10149751243"
